1,2,3,,,,,,,,kg/m3,%,,%,mg/L,KJ/kg,%,工业分析（单位%，总和=1）,,,,元素组成（单位%，所有元素加和=1）,,,,,,,,,,,,,,,,,,,,,,,,,,,,,,,,,,,,,,,,,,,,,,,,,,,,,,,,主要成分（%）,,,,,,,,,,,,,,,,,,,,,,,,,,,,,,,,,,,,,,,,,,,,,,,,,,,,,,,,,,,,,,,,,,,,,,,,,金属元素含量（mg/kg）数值型,,,,,,,,,,,,,,,,,,,,,,,,,,,,,,多环芳烃（mg/kg),,,,,,,,,,,,,,,,酯类,,,,,,,,,,邻苯二甲酸酯类,,,,,,,,,,,,,,,,,芳香烃类,,,,,,,,,,,氯代烃,,酚类,,,,醛类,,有机酸类,,,,,,,有机酸盐类,,,,杂环,,,,,,胺类,,,,,,,,,,,,,,,农药,,,,,,,,,,,,,,,,,,,,,,,,,,,,,,,,,,,,,,,,,,,,,,,,重金属毒性浸出浓度（mg/L),,,,,,,,,,,,,,,,,,,,
废物类别,行业分类,固废名称 ,别名,产生工段,表观形貌（稍微详细）,物理形态,形状,颜色,气味,密度,含水率,pH,含油率,COD,热值,烧失率,水分,灰分,挥发分,固定碳,C,H,N,O,F,Na,Mg,Al,"Si	",P,S,Cl,K,Ca,Ti,V,Cr,Mn,Fe,Co,Ni,"Cu	",Zn,As,Pb,Ag,Bi,Cd,Sn,Sb,I,Hg,Ba,Al2O3,MgO,Cl,K2O,Na2O,Fe2O3,SiO2,MnO,CaO,S,SO3,As2O3,TiO2,Cr2O3,CuO,ZnO,PbO,F,V2O5,BaO,P2O5,SnO2,NiO,NaCl（%）,KCl,MgCl2,Mg(OH)2,Al(OH)3,AlCl3,MnCl2,NH4Cl（%）,TiCl4,FeCl2,FeCl3,CaCl2,CaF2,CaSO4,CaCO3,BaO,BaSO4,BaCO3,BaSiO3,BaS,NaNO3,辉铜矿,黄铜矿,铜铁硫化相,铁橄榄石,磁铁矿,钙铁辉石,玻璃相,石膏,方解石,石英,砷铜矿,皓矾,六水锌矾,氧化锑,三氧化二砷,五氧化二砷,铅绿矾,方铅矿,铅黄,铅,密陀僧,红锌矿,闪锌矿,锌,纤锌矿,冰晶石,刚玉,β-氧化铝,钾冰晶石,铝,锥冰晶石,西蒙冰晶石,氟铝钙锂石,白砷石,三水胆矾,副雄黄,砷华,铅矾,块黑铅矿,四水锌矾,硒汞矿,尖晶石,氮化铝,方镁石,铜靛矾,CuSO4•H2O,CdSO3•0.5H2O,石盐,氟氯铅矿,铁白云石,钙铝矾,氯铅矿,T B(mg/kg),T Na(mg/kg),T Mg(mg/kg),T Al(mg/kg),T K(mg/kg),T Ca(mg/kg),T Fe,T Cu,T Pb,T Zn,T Sn,T Ni,T Co,T Sb,T Hg,T Cd,T Bi,T Cr（mg/kg）,T As,T Be,T Ba,T Pd,T Pt,T V,T Mn,T Ti,T Al3+ （mg/L）,T SO42- （g/L),CN（mg/L),F（mg/L),萘,苊烯,苊,芴,菲,蒽,荧蒽,芘,苯并（a）蒽,屈,苯并（b）荧蒽,苯并 (k)荧蒽,苯并（a）芘,"茚苯（1,2,3-cd）芘"," 二苯并（a, n）蒽",苯并（ghi）北（二萘嵌苯）,乙酸乙酯,乙酸丁酯,乙酸异戊酯,氨基甲酸乙酯,邻甲酸甲酯,邻甲基苯甲酸,丁酸丁酯,N-氰基乙酰亚胺甲酯（乙酯）,4-[3-甲基-3-(（甲亚基氨基)）苯基]丁酸乙酯,氯甲酸甲酯,邻苯二甲酸二甲酯,邻甲基苯甲酸甲酯,邻苯二甲酸二乙酯,邻苯二甲酸二异丁酯,邻苯二甲酸二正丁酯,邻苯二甲酸二(2-甲氧基)乙酯,邻苯二甲酸二(4-甲基-2-戊基)酯,邻苯二甲酸二(2-乙氧基)乙酯,邻苯二甲酸二戊酯,邻苯二甲酸二己酯,邻苯二甲酸丁基苄基酯,邻苯二甲酸二(2-丁氧基)乙酯,邻苯二甲酸二环己酯,邻苯二甲酸二（2-乙基）己酯,邻苯二甲酸二苯酯,邻苯二甲酸二正辛酯,邻苯二甲酸二壬酯,苯,甲苯,乙苯,二甲苯,对二甲苯,间二甲苯,邻二甲苯,异丙苯,苯乙烯,乙烯基甲苯,环己烷,二氯甲烷,二氯乙烷,苯酚,邻甲酚,"2,4-二氯酚（mg/L）","2,5-二氯苯酚（mg/L）",甲醛%,间苯氧基苯甲醛,甲酸%,苯氧乙酸（mg/L）,氯乙酸,羟基乙酸（mg/L),2甲4氯酸,甲酸,甘氨酸,亚磷酸钠,甲基草甘膦酸钠盐,羟甲基磷酸钠盐,"2,4-二氯苯氧乙酸钠（mg/L)",氯甲基吡啶,吡啶,2-氯-5-氯甲基吡啶,三氯吡啶醇钠,乙基氯化物,氯乙酰氯,邻苯二胺,苯肼,脲,1-苯基氨基脲,二甲胺,2-氯烟酰胺,精胺,胺醚,乙撑硫脲,邻甲基苯基硫脲,"2-氯-N-(氯甲基)-N-(2,6-二乙基苯基)乙酰胺（MRM）","N-2,6-二乙基苯基甲亚胺（甲叉）",丁草胺,4-[3-乙基-2-(甲亚基氨基)苯基]丁酰氯,"2,5-二氯苯胺","2,4-D（mg/L）",草甘膦（mg/L),增甘膦mg/L,双甘膦mg/L,西玛津mg/L,三唑磷mg/L,烟嘧磺酰氯mg/L,烟嘧磺胺mg/L,烟嘧磺隆mg/kg,毒死蜱,多菌灵mg/L,氟乐灵,丁草胺mg/L,咪鲜胺,莠去津mg/L,百草枯mg/L,苯磺隆,吡虫啉,咪唑（烷）,丙环唑,代森锰mg/L,敌百虫,啶虫脒,麦草畏,杀虫单,乙草胺,溴丙烷,四氯化碳,丙溴磷,对氯三氟甲苯,功夫酰氯,苄基三乙基氯化铵,二氯菊酰氯,4-甲基-2-肼基苯并骈噻唑,苯唑醇,二甲硫醚,硫酸二甲酯,甲醇,乙醇,辛硫磷,"O,O-二乙基硫代磷酰氯",2-氯烟酰胺,二氯甲烷,醋酸,醋酸酐,丙烯醛,丙烯腈,环戊二烯,L Ca(mg/L),L Mg（mg/L),L Fe (mg/L),L Cu,L Pb,L Zn,L Ba (mg/L),L Sn ,L Co,L Sb,L Hg,L Cd,L Bi,L Ni,L Cr （mg/L),L Ag,L As,L Mn,L Se,L Br,L V
固相热处理渣,有色冶炼,铜火法冶炼熔炼渣,铜渣、铜熔炼渣,铜火法冶炼工艺中铜精矿配料混合产生铜锍过程中产生的熔炼渣,内部玻璃体,固态,颗粒状                                                                                                                                                                                                                                                                                                                                                                                                                                                                                                                                                                                                                                                                                                                                                                                                                                                                                                                                                                                                                                                                                                                                                                                                                                                                                                                                                                                                                                                                                                                                                                                                                                                                                                                                                                                                                                                                                                                                                                                                                                                                                                                                                                                                                                                                                                                                                                                                                                                                                                                                                                                                                                                                                                                                                                                                                                                                                                                                                                                                                                          ,黑色、褐色或黑绿色,,3800-4200,≤2,7.3,,,,,,,,,,,,,,,,,,,,,,,,,,,40-46,,,0.42-4.6,,,,,,,,,,,,≤10,,,,,,30-40,,≤11,,,,,,,,,,,,,,,,,,,,,,,,,,,,,,,,,,,,,,,8-65,33-45,,,,,,,,,,,,,,,,,,,,,,,,,,,,,,,,,,,,,,,,,,,,,,,,,,,,,,,,,,,,,,,,,,,,,,,,,,,,,,,,,,,,,,,,,,,,,,,,,,,,,,,,,,,,,,,,,,,,,,,,,,,,,,,,,,,,,,,,,,,,,,,,,,,,,,,,,,,,,,,,,,,,,,,,,,,,,,,,,,,,,,,,,,,,,,,,,,,,,,,,,,,,,,,,,,,,,,,,,,,,,,,,,,,,,,,,,,,,,,,,
固相热处理渣,有色冶炼,铜火法冶炼吹炼渣,无,铜火法冶炼工艺中铜锍经过底吹连续吹炼过程产生的吹炼渣。,性脆、坚硬、结构致密,,,黑色、黑中透绿,,4000-4500,≤2,,,,,,,,,,,,,,,,,,,,,,,,,,,,49.45-53.59,,,1.74-7.26,,,,,,,,,,,,≤10,,,,,,30-40,,≤11,,,,,,,,,,,,,,,,,,,,,,,,,,,,,,,,,,,,,,,8-70,26-80,,,,,,,,,,,,,,,,,,,,,,,,,,,,,,,,,,,,,,,,,,,,,,,,,,,,,,,,,,,,,,,,,,,,,,,,,,,,,,,,,,,,,,,,,,,,,,,,,,,,,,,,,,,,,,,,,,,,,,,,,,,,,,,,,,,,,,,,,,,,,,,,,,,,,,,,,,,,,,,,,,,,,,,,,,,,,,,,,,,,,,,,,,,,,,,,,,,,,,,,,,,,,,,,,,,,,,,,,,,,,,,,,,,,,,,,,,,,,,,,
固相热处理渣,有色冶炼,铅火法冶炼烟化炉水淬渣,水淬渣、烟化炉渣,火法炼铅（富氧熔炼+直接还原工艺及富氧闪速熔炼工艺）炉渣经烟化处理后的熔体再经水淬而产生的弃渣,大多呈尖角形且较脆，非晶态,固态,颗粒状,黑灰色,无刺激性气味,4300-4700,≤5,8.92,,,,,,,,,,,,,,,,,,,,,,,,,,,,,,,,,,,,,,,,,,4.5-6.5,,,,,30-40,20-30,,10-15,,,,,,,,,,,,,,,,,,,,,,,,,,,,,,,,,,,,,,,,,,,,,,,,,,,,,,,,,,,,,,,,,,,,,,,,,,,,,,,,,,,,,,,,,,,,,,,,,,,,,,,,,,,,,,,,,,,,,,,,,,,,,,,,,,,,,,,,,,,,,,,,,,,,,,,,,,,,,,,,,,,,,,,,,,,,,,,,,,,,,,,,,,,,,,,,,,,,,,,,,,,,,,,,,,,,,,,,,,,,,,,,,,,,,,,,,,,,,,,,,,,,,,,,,,,,,,,,,,,,,,,,,,,,,,,,,,,,,,,,
固相热处理渣,有色冶炼,锌湿法冶炼挥发窑渣,无,锌浸出渣挥发窑高温回收氧化锌处理工序产生的窑渣，湿法炼锌工艺挥发窑处理工序产生的窑渣,块状大，硬度高，颗粒形貌各异,固态,块状,黑红色,无刺激性气味,,≤5,9,,,,,,,,,,,,,,,,,,,,,,,,,,,,,,,,,,,,,,,,,,4-6,,,,,30-35,15-17,,5-7,,,,,,,,,,,,,,,,,,,,,,,,,,,,,,,,,,,,,,,,7-11,45-49,,12-16,,18-22,,,,,,,,,,,,,,,,,,,,,,,,,,,,,,,,,,,,,,,,,,,,,,,,,,,,,,,,,,,,,,,,,,,,,,,,,,,,,,,,,,,,,,,,,,,,,,,,,,,,,,,,,,,,,,,,,,,,,,,,,,,,,,,,,,,,,,,,,,,,,,,,,,,,,,,,,,,,,,,,,,,,,,,,,,,,,,,,,,,,,,,,,,,,,,,,,,,,,,,,,,,,,,,,,,,,,,,,,,,,,,,,,,,,,,,,,,,
固相热处理渣,有色冶炼,铅火法冶炼精炼炉除铜渣,铜浮渣,火法炼铅工艺电解精炼工段精炼炉产生的除铜渣,细腻伴有泡沫状,固态,颗粒状,黑色,无刺激性气味,,≤5,12,,,,,,,,,,,,,,,,,,,,,,,,,,,,,,14.74-18.2,,5.05-8.29,,,,,,,,,,,,,,,,,,,,,11.85-15,,,6.84-10,,69.62-73,,,,,,,,,,,,,,,,,,,,,,,,,,,,,,,,,,,,,,,,,,38-42,,25-29,16-20,4-8,7-11,,,,,,,,,,,,,,,,,,,,,,,,,,,,,,,,,,,,,,,,,,,,,,,,,,,,,,,,,,,,,,,,,,,,,,,,,,,,,,,,,,,,,,,,,,,,,,,,,,,,,,,,,,,,,,,,,,,,,,,,,,,,,,,,,,,,,,,,,,,,,,,,,,,,,,,,,,,,,,,,,,,,,,,,,,,,,,,,,,,,,,,,,,,,,,,,,,,,,,,,,,,,,,,,,,,,,,,,,,,,,,,,,
固相热处理渣,有色冶炼,铅火法冶炼精炼渣,无,火法炼铅工艺电解精炼工段电铅熔化铸锭工序中阴极析出铅装入精炼锅内，在与粗铅相同的熔化工艺条件下进行熔化后，搅拌除锡产生精炼渣,熔融相,固态,块状,黑色,,,≤2,,,,,,,,,,,,,,,,,,,,,,,,,,,,,,,,,,,,,,,,,,,,,,,,,,,,,,,,,,,96.78-98,,,,,,,,,,,,,,,,,,,,,,,,,,,,,,,,,,,,,,,,,,,,,,75-79,5-9,8-12,,,,,,,,,,,,,,,,,,,,,,,,,,,,,,,,,,,,,,,,,,,,,,,,,,,,,,,,,,,,,,,,,,,,,,,,,,,,,,,,,,,,,,,,,,,,,,,,,,,,,,,,,,,,,,,,,,,,,,,,,,,,,,,,,,,,,,,,,,,,,,,,,,,,,,,,,,,,,,,,,,,,,,,,,,,,,,,,,,,,,,,,,,,,,,,,,,,,,,,,,,,,,,,,,,,,,,,,,,,,,,,,
固相热处理渣,有色冶炼,锌湿法冶炼熔铸工段产生的锌浮渣,无,电解锌板熔铸工段生产锌锭产生的锌浮渣,粉末颗粒状，粒度2mm,固态,颗粒状,黄色,无刺激性气味,,≤2,5,,,,,,,,,,,,,,,,,,,,0.589-2.78,,,,,,,0.014-0.2,,,,75.49-79.51,,,,,,,,,,,,,,,,,,,,,,,,,,,,,,,,,,,,,,,,,,,,,,,,,,,,,,,,,,,,,,,,,,,,,,,,,,,,90-93,,1-3,1-3,,,,,,,,,,,,,,,,,,,,,,,,,,,,,,,,,,,,,,,,,,,,,,,,,,,,,,,,,,,,,,,,,,,,,,,,,,,,,,,,,,,,,,,,,,,,,,,,,,,,,,,,,,,,,,,,,,,,,,,,,,,,,,,,,,,,,,,,,,,,,,,,,,,,,,,,,,,,,,,,,,,,,,,,,,,,,,,,,,,,,,,,,,,,,,,,,,,,,,,,,,,,,,,,,,,,,,,,,,,,
固相热处理渣,有色冶炼,铝电解铸造工段产生的铝灰渣,无,电解铝铸造过程熔体表面产生的铝灰渣,粉末颗粒状,固态,颗粒状,灰白色,无刺激性气味,,≤2,6.03,,,,,,,,,,,,,,,,,,,,,,,,,,,,,,,,,,,,,,,,,,80.98-84,2-4.22,,,,,,,1-3.65,,,,,,,,,,,,,,,,,,,,,,,,,,,,,,,,,,,,,,,,,,,,,,,,,,,,,,,,,,,,,,13-17,,,38-42,,,,,,,,,,,,9-11,6-8,10-14,,,,,,,,,,,,,,,,,,,,,,,,,,,,,,,,,,,,,,,,,,,,,,,,,,,,,,,,,,,,,,,,,,,,,,,,,,,,,,,,,,,,,,,,,,,,,,,,,,,,,,,,,,,,,,,,,,,,,,,,,,,,,,,,,,,,,,,,,,,,,,,,,,,,,,,,,,,,,,,,,,,,,,,,,,,,,,,,,,,,,,,,,,,,,,,,,,,,,,,,,
固相热处理渣,有色冶炼,铝电解铸造熔炼炉扒渣处理后的二次铝灰,无,铝电解生产工艺铸造熔炼炉的扒渣处理后产生的二次铝灰,粉末颗粒状，较一次铝灰粒度更低,固态,颗粒状,黑色,无刺激性气味,,≤2,12,,,,,,,,,,,,,,,,,,,,,,,,,,,,,,,,,,,,,,,,,,70.13-74,7.65-10,,,,,,,3.85-6,,,,,,,,,,,,,,,,,,,,,,,,,,,,,,,,,,,,,,,,,,,,,,,,,,,,,,,,,,,,,,15-19,,,8-12,,,,,,,,,,,,29-33,14-18,9-13,,,,,,,,,,,,,,,,,,,,,,,,,,,,,,,,,,,,,,,,,,,,,,,,,,,,,,,,,,,,,,,,,,,,,,,,,,,,,,,,,,,,,,,,,,,,,,,,,,,,,,,,,,,,,,,,,,,,,,,,,,,,,,,,,,,,,,,,,,,,,,,,,,,,,,,,,,,,,,,,,,,,,,,,,,,,,,,,,,,,,,,,,,,,,,,,,,,,,,,,,
固相热处理渣,有色冶炼,再生铝铸造熔炼炉扒渣处理产生的盐渣,无,再生铝冶炼生产工艺铸造熔炼炉的扒渣处理工序产生的炒灰,粉末颗粒状,固态,颗粒状,黑色,无刺激性气味,,≤2,11.08,,,,,,,,,,,,,,,,,,,,,,,,,,,,,,,,,,,,,,,,,,69.94-73,3.68-7,,,,,,,2.55-5,,,,,,,,,,,,,,,,,,,,,,,,,,,,,,,,,,,,,,,,,,,,,,,,,,,,,,,,,,,,,,9-13,,,21-25,,,,,,,,,,,,11-15,12-16,12-16,,,,,,,,,,,,,,,,,,,,,,,,,,,,,,,,,,,,,,,,,,,,,,,,,,,,,,,,,,,,,,,,,,,,,,,,,,,,,,,,,,,,,,,,,,,,,,,,,,,,,,,,,,,,,,,,,,,,,,,,,,,,,,,,,,,,,,,,,,,,,,,,,,,,,,,,,,,,,,,,,,,,,,,,,,,,,,,,,,,,,,,,,,,,,,,,,,,,,,,,,
固相热处理渣,无机盐化工,碳酸钡生产过程中回转窑焙烧后产生的水淬渣,黑钡渣,重晶石生产碳酸钡过程中，通过回转窑焙烧、用水浸取后剩余的残渣,多孔的熔融结构,固态,颗粒状,灰白色,,,≤2,11.5,,,,,,,,,,,,,,,,,,,,,,,,,,,,,,,,,,,,,,,,,,4-4.8,0.2-1.3,,,,1.9-15.5,8-28,,0.4-2.3,,0-13.2,,,,,,,,,36.9-45.9,,,,,,,,,,,,,,,,,,,,,,,,,,,,,,,,,,,,,,,,,,,,,,,,,,,,,,,,,,,,,,,,,,,,,,,,,,,,,,,,,,,,,,,,,,,,,,,,,,,,,,,,,,,,,,,,,,,,,,,,,,,,,,,,,,,,,,,,,,,,,,,,,,,,,,,,,,,,,,,,,,,,,,,,,,,,,,,,,,,,,,,,,,,,,,,,,,,,,,,,,,,,,,,,,,,,,,,,,,,,,,,,,,,,,,,,,,,,,,,,,,,,,,,,,,,,,,,760-1300,,,,,,,,,,,,,,
固相热处理渣,无机盐化工,碳酸钡生产过程中回转窑焙烧后产生的水淬渣,白钡渣,重晶石生产碳酸钡过程中，通过回转窑焙烧、用水浸取后剩余的残渣。原料不同，钡渣的组成有一定波动，白钡渣Si含量高，黑钡渣Ba含量高。,多孔的熔融结构,固态,颗粒状,灰白色,,,≤2,11.5,,,,,,,,,,,,,,,,,,,,,,,,,,,,,,,,,,,,,,,,,,4.7-6.6,0.2-1.3,,,,2.8-5.2,42.5-50.4,,15.1-20.8,, 4.3-7.5,,,,,,,,,1-2.2,,,,,,,,,,,,,,,,,,,,,,,,,,,,,,,,,,,,,,,,,,,,,,,,,,,,,,,,,,,,,,,,,,,,,,,,,,,,,,,,,,,,,,,,,,,,,,,,,,,,,,,,,,,,,,,,,,,,,,,,,,,,,,,,,,,,,,,,,,,,,,,,,,,,,,,,,,,,,,,,,,,,,,,,,,,,,,,,,,,,,,,,,,,,,,,,,,,,,,,,,,,,,,,,,,,,,,,,,,,,,,,,,,,,,,,,,,,,,,,,,,,,,,,,,,,,,,,760-1300,,,,,,,,,,,,,,
固相热处理渣,无机盐化工,有钙焙烧生产金属铬和铬盐过程产生的少钙铬渣,无,有钙焙烧生产金属铬和铬盐过程产生的工业废渣。,多孔的熔融结构,固态,颗粒状,黄绿、黑绿、赭绿,,,≤2,,,,,,,,,,,,,,,,,,,,,,,,,,,,,,,,,,,,,,,,,,,5-10,8-36,,,,2-11,4-30,,26-44,,,,,0.6-0.8,,,,,,,,,,,,,,,,,,,,,,,,,,,,,,,,,,,,,,,,,,,,,,,,,,,,,,,,,,,,,,,,,,,,,,,,,,,,,,,,,,,,,,,,,,,,,,,,,,,,,,,,,,,,,,,,,,,,,,,,,,,,,,,,,,,,,,,,,,,,,,,,,,,,,,,,,,,,,,,,,,,,,,,,,,,,,,,,,,,,,,,,,,,,,,,,,,,,,,,,,,,,,,,,,,,,,,,,,,,,,,,,,,,,,,,,,,,,,,,,,,,,,,,,,,,,,,,,,,,,,,,,,,,,,74.35-97.05,,,,,,
固相热处理渣,无机盐化工,无钙焙烧生产金属铬和铬盐过程产生的无钙铬渣,无,无钙焙烧生产金属铬和铬盐过程产生的工业废渣。,多孔的熔融结构,固态,颗粒状,黄绿、黑绿、赭绿,,,≤2,,,,,,,,,,,,,,,,,,,,,,,,,,,,,,,,,,,,,,,,,,,13-17.5,14-18.5,,,,32-36.5,4-8.5,,1-2.5,,,,,,,,,,,,,,,,,,,,,,,,,,,,,,,,,,,,,,,,,,,,,,,,,,,,,,,,,,,,,,,,,,,,,,,,,,,,,,,,,,,,,,,,,,,,,,,,,,,,,,,,,,,,,,,,,,,,,,,,,,,,,,,,,,,,,,,,,,,,,,,,,,,,,,,,,,,,,,,,,,,,,,,,,,,,,,,,,,,,,,,,,,,,,,,,,,,,,,,,,,,,,,,,,,,,,,,,,,,,,,,,,,,,,,,,,,,,,,,,,,,,,,,,,,,,,,,,,,,,,,,,,,,,,,,,,,41.15-57.1,,,,,,
固相热处理渣,无机盐化工,电炉法生产黄磷过程中高温熔融产生的磷渣,无,电炉法生产黄磷过程中，由磷灰石、石英、焦碳在电弧炉中，以1600℃左右高温熔炼后排出的废渣,表面光滑，呈不规则的棱角状、块状和碎屑状，熔融结构,固态,颗粒状,灰白色,,,≤2,9.83,,,,,,,,,,,,,,,,,,,,,,,,,,,,,,,,,,,,,,,,,,2.65-6.2,,,,,,34.47-40.8,,45.7-52.43,,,,,,,,, 1.85-2.6,,,1-3.98,,,,,,,,,,,,,,,,,,,,,,,,,,,,,,,,,,,,,,,,,,,,,,,,,,,,,,,,,,,,,,,,,,,,,,,,,,,,,,,,,,,,,,,,,,,,,,,,,,,,,,,,,,,,,,,,,,,,,,,,,,,,,,,,,,,,,,,,,,,,,,,,,,,,,,,,,,,,,,,,,,,,,,,,,,,,,,,,,,,,,,,,,,,,,,,,,,,,,,,,,,,,,,,,,,,,,,,,,,,,,,,,,,,,,,,,,,,,,,,,,,,,,,,,,,,,,,,,,,,,,,,,,,,,
固相热处理渣,无机盐化工,电炉法生产黄磷过程中熔融产生的磷铁,无,电炉法生产黄磷过程炉料中的氧化铁（Fe2O3）被还原生成金属铁，熔融的铁与磷反应生成磷铁。,蜂窝状，熔融结构,固态,块状,暗红色,,,≤2,8.45,,,,,,,,,,,,,,,,,0.1-6,23-27,,,,,,,,,68-72,,,,,,,,,,,,,,,,,,,,,,,,,,,,,,,,,,,,,,,,,,,,,,,,,,,,,,,,,,,,,,,,,,,,,,,,,,,,,,,,,,,,,,,,,,,,,,,,,,,,,,,,,,,,,,,,,,,,,,,,,,,,,,,,,,,,,,,,,,,,,,,,,,,,,,,,,,,,,,,,,,,,,,,,,,,,,,,,,,,,,,,,,,,,,,,,,,,,,,,,,,,,,,,,,,,,,,,,,,,,,,,,,,,,,,,,,,,,,,,,,,,,,,,,,,,,,,,,,,,,,,,,,,,,,,,,,,,,,,,,,,,119-677,,,,,,,,,,,,,,,,,,,,
固相热处理渣,无机盐化工,氯化法钛白粉氯化工段产生的废熔盐渣,无,氯化法钛白粉氯化工段产生的废渣。,表面粗糙有褶皱熔融结构,固态,颗粒状,灰白色,,,≤2,,,,,,,,,,,,,,,,,,,,,,,,,,,,,,,,,,,,,,,,,,,,,,,,,,,,,,,,,,,,,,,,,,,,,,,,,,,,,,,,,,,,,,,,,,,,,,,,,,,,,,,,,,,,,,,,,,,,,,,,,,,,,,,,,,,,,,,,,,,,,,,,,,112.09-116,,943.01-947,,71.58-75,,,,,,1651-1655,86.65-90,,6381.56-6385,,,,,,,,,,,,,,,,,,,,,,,,,,,,,,,,,,,,,,,,,,,,,,,,,,,,,,,,,,,,,,,,,,,,,,,,,,,,,,,,,,,,,,,,,,,,,,,,,,,,,,,,,,,,,,,,,,,,,,,,,,,,,,,,,,,,,,,,,,,,,,,,,,,,,,,,,,,,,,,,,,,,,,,,,,,,
固相热处理渣,煤化工,煤气化炉气化灰渣,无,煤在气化炉中经历了燃烧、气化等热转化过程后，煤中的矿物质和其他无机组分先后经历了破裂、团聚和熔融等过程，最终与部分未参与反应的煤或煤焦形成灰渣,颗粒状、熔融玻璃状,固态,颗粒状,黑色,,,≤2,,,,,,,,,,,,,,,,,,,,,,,,,,,,,,,,,,,,,,,,,,,12.72-27.07,0.9-2.43,,,,7.49-23.9,24.09-42.73,,5.88-15.04,,,,,,,,,,,,,,,,,,,,,,,,,,,,,,,,,,,,,,,,,,,,,,,,,,,,,,,,,,,,,,,,,,,,,,,,,,,,,,,,,,,,,,,,,,,,,,,,,,,,,,,,,,,,,,,,,,,,,,,,,,,,,,,,,,,,,,,,,,,,,,,,,,,,,,,,,,,,,,,,,,,,,,,,,,,,,,,,,,,,,,,,,,,,,,,,,,,,,,,,,,,,,,,,,,,,,,,,,,,,,,,,,,,,,,,,,,,,,,,,,,,,,,,,,,,,,,,,,,,,,,,,,,,,,,,,,,,,,,,,
液固相浸出渣,有色冶炼,铅电解精炼阳极泥,无,铅电解精炼过程附着于阳极基体表面或沉淀于电解槽底或悬浮于电解液中的泥状物,分散状细粒粉末，不溶性泥状物,固态,颗粒状,灰黑色,,,20-30,,,,,,,,,,,,,,,,,,,,,,,,,,,,20-30,,,2-4,,,11-26.72,9.04-12.5,5-10,,,30-40,,,,,,,,,,,,,,,,,,,,,,,,,,,,,,,,,,,,,,,,,,,,,,,,,,,,,,,,,,,,,,,,,,,,,,,,,,,,,,,,,,,,,,,,,,,,,,,,,,,,,,,,,,,,,,,,,,,,,,,,,,,,,,,,,,,,,,,,,,,,,,,,,,,,,,,,,,,,,,,,,,,,,,,,,,,,,,,,,,,,,,,,,,,,,,,,,,,,,,,,,,,,,,,,,,,,,,,,,,,,,,,,,,,,,,,,,,,,,,,,,,,,,,,,,,,,,,,,,,,,,,,,,,,,,,,,,,,,,,,,,,,,,,,,,,,,
液固相浸出渣,有色冶炼,锌湿法冶炼焙烧浸出渣,无,锌精矿焙烧后浸出工段产生的焙烧浸出渣,块状、致密,固态,块状,黑红色,,,20-30,<7,,,,,,,,,,,,,,,,,,,,,,,,,,,20-25,,,,4-6,,2-4,,,,,,,,,,,,,,,,,,,,,,,,,,,,,,,,,,,,,,,,,,,,,,,,,,,,,,,,,40-44,,,11-15,,,,23-27,18-22,,,,,,,,,,,,,,,,,,,,,,,,,,,,,,,,,,,,,,,,,,,,,,,,,,,,,,,,,,,,,,,,,,,,,,,,,,,,,,,,,,,,,,,,,,,,,,,,,,,,,,,,,,,,,,,,,,,,,,,,,,,,,,,,,,,,,,,,,,,,,,,,,,,,,,,,,,,,,,,,,,,,,,,,,,,,,,,,,,,,,,,,,,,,,,,,,,,,,,,,,,,,,,,,,,,,,,,,,,,,,,,,,,,,,,,,
液固相浸出渣,无机盐化工,电炉法生产黄磷的粗磷精制过程中产生的泥磷,无,电炉法生产黄磷，粗磷精制过程中产生的磷泥,表面多处凸起，呈花椰菜状或蜂窝状，表面含有许多空隙和褶皱，熔融结构,固态,泥状,黑色,,,2-3,2.54,,,,,,,,,,,,,,,,,,,,,,,,,,,,,,,,,60-90,,,,,,,,,,,,,,,10-30,,,,,,,,,,,,,,,,,,,,,,,,,,,,,,,,,,,,,,,,,,,,,,,,,,,,,,,,,,,,,,,,,,,,,,,,,,,,,,,,,,,,,,,,,,,,,,,,,,,,,,,,,,,,,,,,,,,,,,,,,,,,,,,,,,,,,,,,,,,,,,,,,,,,,,,,,,,,,,,,,,,,,,,,,,,,,,,,,,,,,,,,,,,,,,,,,,,,,,,,,,,,,,,,,,,,,,,,,,,,,,,,,,,,,,,,,,,,,,,,,,,,,,,,,,,,,,,,,,,,,,8695-8699,,,,,,,,,,,,,,,,,,,,
液固相浸出渣,无机盐化工,硫酸法生产钛白粉过程中钛精矿酸溶后产生的酸解残渣,无,硫酸法生产钛白粉过程中，硫酸酸溶钛精矿后，钛精矿中的Si、Al、Fe等杂质所形成的残渣,表面粗糙有凸起熔融结构,固态,泥状,黑色,,,20-30,1.33-1.42,,,,,,,,,,,,,,,,,,,,,,,,,,,,,,,,,,,,,,,,,,1-2.18,1-1.44,,,,12.76-16,19.21-23,0.83-1,1.14-5,,,,44.37-48,,,,,,,,,,,,,,,,,,,,,,,,,,,,,,,,,,,,,,,,,,,,,,,,,,,,,,,,,,,,,,,,,,,,,,,,,,,,,,,,,,,,,,,,,,,,,,,,,,,,,,,,,,,,,,,,,,,,,,,,,,,,,,,,,,,,,,,,,,,,,,,,,,,,,,,,,,,,,,,,,,,,,,,,,,,,,,,,,,,,,,,,,,,,,,,,,,,,,,,,,,,,,,,,,,,,,,,,,,,,,,,,,,,,,,,,,,,,,,,,,,,,,,,,,,,,,,,,,,,1.89-3.52,,0.19-0.51,,,,,,,,,0.09-0.17,,0.45-0.8,,,,
液固相浸出渣,无机盐化工,碳碱法生产硼砂过程中硼镁矿碳解过滤产生的硼泥,无,碳碱法生产硼砂过程中，硼镁矿碳解、过滤后产生的残渣,多孔穴假山石结构,固态,粉状,灰白色、黄白色,,,<1,,,,,,,,,,,,,,,,,,,,,,,,,,,,,,,,,,,,,,,,,,,2.79-5,30-45,,,,2.4-14.6,22.5-32.7,,1.54-5.9,,,,,,,,,,,,,,,,,,,,,,,,,,,,,,,,,,,,,,,,,,,,,,,,,,,,,,,,,,,,,,,,,,,,,,,,,,,,,,,,,,,,,,,,51395.79-72914.98,110994.3-125971.7,1492352-1643522,22469.64-23116.64,70000-96214.15,484008.1-662523.9,293319.8-464818.4,,,,,,,,,,,,,,,,,,,,,,,,,,,,,,,,,,,,,,,,,,,,,,,,,,,,,,,,,,,,,,,,,,,,,,,,,,,,,,,,,,,,,,,,,,,,,,,,,,,,,,,,,,,,,,,,,,,,,,,,,,,,,,,,,,,,,,,,,,,,,,,,,,,,,,,,,,,,,,,,,,,,,,,,,,,,,,,,,,,,,,,,,,
液固相浸出渣,无机盐化工,碳化法氧化镁生产过程中溶液离心分离后产生的镁渣,无,碳化法生产氧化镁过程中，碳酸氢镁溶液离心分离后产生的残渣。,不规则粗糙熔融结构,固态,颗粒状,灰白色,,,<5,9.87,,,,,,,,,,,,,,,,,,,,,,,,,,,,,,,,,,,,,,,,,,5-14.17,10-28.84,,,,9-11.43,20-30,,12.24-40,,,,,,,,,,,,,,,,,,,,,,,,,,,,,,,,,,,,,,,,,,,,,,,,,,,,,,,,,,,,,,,,,,,,,,,,,,,,,,,,,,,,,,,,35291.75-35293,47585.51-47587,1282093-1282095,18885.31-18887,57082.5-57084,510664-510666,172193.2-172195,,,,,,,,,,,,,,,,,,,,,,,,,,,,,,,,,,,,,,,,,,,,,,,,,,,,,,,,,,,,,,,,,,,,,,,,,,,,,,,,,,,,,,,,,,,,,,,,,,,,,,,,,,,,,,,,,,,,,,,,,,,,,,,,,,,,,,,,,,,,,,,,,,,,,,,,,,,,,,,,,,,,,,,,,,,,,,,,,,,,,,,,,,
液固相浸出渣,无机盐化工,硫酸-碳酸铵法生产氧化镁过程中溶液过滤产生的镁渣,无,硫酸、碳酸铵法生产氧化镁过程中，硫酸镁溶液板框过滤产生的残渣。,粗糙含凸起熔融结构,固态,颗粒状,棕黄色,,,20-30,9.52,,,,,,,,,,,,,,,,,,,,,,,,,,,,,,,,,,,,,,,,,,12.54-14,31.52-33,,,,11.02-13,20.57-22,,11.63-13,,,,,,,,,,,,,,,,,,,,,,,,,,,,,,,,,,,,,,,,,,,,,,,,,,,,,,,,,,,,,,,,,,,,,,,,,,,,,,,,,,,,,,,,41186.77-41188,19649.81-19651,1732490-1732492,7747.082-7749,36809.34-36811,431517.5-431519,305836.6-305838,,,,,,,,,,,,,,,,,,,,,,,,,,,,,,,,,,,,,,,,,,,,,,,,,,,,,,,,,,,,,,,,,,,,,,,,,,,,,,,,,,,,,,,,,,,,,,,,,,,,,,,,,,,,,,,,,,,,,,,,,,,,,,,,,,,,,,,,,,,,,,,,,,,,,,,,,,,,,,,,,,,,,,,,,,,,,,,,,,,,,,,,,,
液固相浸出渣,无机盐化工,硫酸锰生产过程中软锰矿焙烧酸溶后产生的锰渣,无,软锰矿焙烧生产硫酸锰过程中，软锰矿焙烧后硫酸溶解，将铁和铝形成氢氧化物沉淀后形成的残渣,针、柱状规则晶体颗粒交织堆积、颗粒间存在大量孔隙，没有明显的胶结现象,固态,颗粒状,黑色,,,20-30,>7,,,,,,,,,,,,,,,,,,,,,,,,,,,,,,,,,,,,,,,,,,10.21-12.54,2.17-31.52,,,,5.24-11.02,20.57-35.43,4.3-5.56,9.46-16.77,,16.1-21.23,,,,,,,,,,,,,,,,,,,,,,,,,,,,,,,,,,,,,,,,,,,,,,,,,,,,,,,,,,,,,,,,,,,,,,,,,,,,,,,,,,,,,,,,,,,,,,,,,,,,,,,,,,,,,,,,,,,,,,,,,,,,,,,,,,,,,,,,,,,,,,,,,,,,,,,,,,,,,,,,,,,,,,,,,,,,,,,,,,,,,,,,,,,,,,,,,,,,,,,,,,,,,,,,,,,,,,,,,,,,,,,,,,,,,,,,,,,,,,,,,,,,,,,,,,,,,,,,,,,,,,,,,,,,,,,,,,,540-930,,,
液固相浸出渣,无机盐化工,硫酸生产过程中产生的硫铁矿烧渣,无,硫酸烧渣是采用硫铁矿或硫精砂做原料生产硫酸过程中所排出的废渣,粗糙、毛细、孔洞发达,固态,颗粒状,灰黄色,,,<5,,,,,,,,,,,,,,,,,,,,,,,,,,,,20-65,,,,,,,,,,,,,,,1.44-3,,,,,,4.38-6,,,0.44-2,,,,,,,,,,,,,,,,,,,,,,,,,,,,,,,,,,,,,,,,,,,,,,,,,,,,,,,,,,,,,,,,,,,,,,,,,,,,,,,,,,,,,,,,,,,,,,,,,,,,,,,,,,,,,,,,,,,,,,,,,,,,,,,,,,,,,,,,,,,,,,,,,,,,,,,,,,,,,,,,,,,,,,,,,,,,,,,,,,,,,,,,,,,,,,,,,,,,,,,,,,,,,,,,,,,,,,,,,,,,,,,,,,,,,,,,,,,,,,,,,,,,,,,,,,,,,,,,,,,,,,10.2-25.1,2.87-12.85,6.21-25.89,,,,,,,,,,,,,,,
液固相浸出渣,无机盐化工,硫磺制酸工艺产生的焚硫渣,无,硫磺制酸工艺焚硫工序沉淀隔渣过滤产生的焚硫渣,表面粗糙有气孔,固态,颗粒状,黑色,,,<5,,,,,,,,,,,,,,,,,,,,,,,,,,,,,,,,,,,,,,,,,,,20.03-27.81,,,0.21 1.23,,,,,,,,,5.13-6.09,,,,,,,,,,,,,,,,,,,,,,,,,,,,,,,,,,,,,,,,,,,,,,,,,,,,,,,,,,,,,,,,,,,,,,,,,,,,,,,,,,,,,,,,,,,,,,,,,,,,,,,,,,,,,,,,,,,,,,,,,,,,,,,,,,,,,,,,,,,,,,,,,,,,,,,,,,,,,,,,,,,,,,,,,,,,,,,,,,,,,,,,,,,,,,,,,,,,,,,,,,,,,,,,,,,,,,,,,,,,,,,,,,,,,,,,,,,,,,,,,,,,,,,,,,,,,,,,,,,0.446-0.769,0.032-0.592,6.749-35.49,,,,,,,,,,,0.0084-0.015,,,,
液固相浸出渣,表面处理,镀锡产生的废槽渣,无,电镀槽清理过程产生的电镀槽渣,粗糙、团聚,固态,颗粒状,灰黑色,,,10-20,,,,,,,,,,,,,,,,,,,,,,,,,,5-6,,0.9-2.8,,4-4.73,5-6,0.8-2.44,,,,,,,,,,,,,,,,,,,,,,,,,,,,,,,,,,,,,,,,,,,,,,,,,,,,,,,,,,,,,,,,,,,,,,,,,,,,,,,,,,,,,,,,,,,,,,,,,,,,,,,,,,,,,,,,,,,,,1-1000,,,,,,,,,,,,,,,,,,,,,,,,,,,,,,,,,,,,,,,,,,,,,,,,,,,,,,,,,,,,,,,,,,,,,,,,,,,,,,,,,,,,,,,,,,,,,,,,,,,,,,,,,,,,,,,,,,,,,,,,,,,,,,,,,,,,,,,,,,,,,,,,,,,,,,,,,,,,,,,,,,,,,,,,,,,,,,,,,,,,,,
液固相浸出渣,表面处理,镀锌产生的废槽渣,无,电镀槽清理过程产生的电镀槽渣,粗糙、团聚,固态,颗粒状,灰黑色,,,10-20,,,,,,,,,,,,,,,,,,,,,,,,,,5-6,,0.9-2.8,,4-4.73,5-6,0.8-2.44,,,,,,,,,,,,,,,,,,,,,,,,,,,,,,,,,,,,,,,,,,,,,,,,,,,,,,,,,,,,,,,,,,,,,,,,,,,,,,,,,,,,,,,,,,,,,,,,,,,,,,,,,,,,,,,,,,,,1-1000,,,,,,,,,,,,,,,,,,,,,,,,,,,,,,,,,,,,,,,,,,,,,,,,,,,,,,,,,,,,,,,,,,,,,,,,,,,,,,,,,,,,,,,,,,,,,,,,,,,,,,,,,,,,,,,,,,,,,,,,,,,,,,,,,,,,,,,,,,,,,,,,,,,,,,,,,,,,,,,,,,,,,,,,,,,,,,,,,,,,,,,
液固相浸出渣,表面处理,镀镉产生的废槽渣,无,电镀槽清理过程产生的电镀槽渣,粗糙、团聚,固态,颗粒状,灰黑色,,,10-20,,,,,,,,,,,,,,,,,,,,,,,,,,5-6,,0.9-2.8,,4-4.73,5-6,0.8-2.44,,,,,,,,,,,,,,,,,,,,,,,,,,,,,,,,,,,,,,,,,,,,,,,,,,,,,,,,,,,,,,,,,,,,,,,,,,,,,,,,,,,,,,,,,,,,,,,,,,,,,,,,,,,,,,,,,,,,,,,,,,1-1000,,,,,,,,,,,,,,,,,,,,,,,,,,,,,,,,,,,,,,,,,,,,,,,,,,,,,,,,,,,,,,,,,,,,,,,,,,,,,,,,,,,,,,,,,,,,,,,,,,,,,,,,,,,,,,,,,,,,,,,,,,,,,,,,,,,,,,,,,,,,,,,,,,,,,,,,,,,,,,,,,,,,,,,,,,,,,,,,,
液固相浸出渣,表面处理,镀镍产生的废槽渣,无,电镀槽清理过程产生的电镀槽渣,粗糙、团聚,固态,颗粒状,灰黑色,,,10-20,,,,,,,,,,,,,,,,,,,,,,,,,,5-6,,0.9-2.8,,4-4.73,5-6,0.8-2.44,,,,,,,,,,,,,,,,,,,,,,,,,,,,,,,,,,,,,,,,,,,,,,,,,,,,,,,,,,,,,,,,,,,,,,,,,,,,,,,,,,,,,,,,,,,,,,,,,,,,,,,,,,,,,,,,,,,,,,1-1167.35,,,,,,,,,,,,,,,,,,,,,,,,,,,,,,,,,,,,,,,,,,,,,,,,,,,,,,,,,,,,,,,,,,,,,,,,,,,,,,,,,,,,,,,,,,,,,,,,,,,,,,,,,,,,,,,,,,,,,,,,,,,,,,,,,,,,,,,,,,,,,,,,,,,,,,,,,,,,,,,,,,,,,,,,,,,,,,,,,,,,,
液固相浸出渣,表面处理,镀铜产生的废槽渣,无,电镀槽清理过程产生的电镀槽渣,粗糙、团聚,固态,颗粒状,灰黑色,,,10-20,,,,,,,,,,,,,,,,,,,,,,,,,,5-6,,0.9-2.8,,4-4.73,5-6,0.8-2.44,,,,,,,,,,,,,,,,,,,,,,,,,,,,,,,,,,,,,,,,,,,,,,,,,,,,,,,,,,,,,,,,,,,,,,,,,,,,,,,,,,,,,,,,,,,,,,,,,,,,,,,,,,,,,,,,,,1-3000,,,,,,,,,,,,,,,,,,,,,,,,,,,,,,,,,,,,,,,,,,,,,,,,,,,,,,,,,,,,,,,,,,,,,,,,,,,,,,,,,,,,,,,,,,,,,,,,,,,,,,,,,,,,,,,,,,,,,,,,,,,,,,,,,,,,,,,,,,,,,,,,,,,,,,,,,,,,,,,,,,,,,,,,,,,,,,,,,,,,,,,,,
液固相浸出渣,表面处理,镀铬产生的废槽渣,无,电镀槽清理过程产生的电镀槽渣,粗糙、团聚,固态,颗粒状,灰黑色,,,10-20,,,,,,,,,,,,,,,,,,,,,,,,,,5-6,,0.9-2.8,,4-4.73,5-6,0.8-2.44,,,,,,,,,,,,,,,,,,,,,,,,,,,,,,,,,,,,,,,,,,,,,,,,,,,,,,,,,,,,,,,,,,,,,,,,,,,,,,,,,,,,,,,,,,,,,,,,,,,,,,,,,,,,,,,,,,,,,,,,,,,,1-3671,,,,,,,,,,,,,,,,,,,,,,,,,,,,,,,,,,,,,,,,,,,,,,,,,,,,,,,,,,,,,,,,,,,,,,,,,,,,,,,,,,,,,,,,,,,,,,,,,,,,,,,,,,,,,,,,,,,,,,,,,,,,,,,,,,,,,,,,,,,,,,,,,,,,,,,,,,,,,,,,,,,,,,,,,,,,,,,
液相反应残液,农药,"2,4-滴合成过程中产生的母液",无,"先氯代，后缩合工艺生产2,4-滴过程中2,4-滴合成过程中产生的甲苯萃取母液；先缩合，后氯代工艺生产2,4-滴过程中苯氧乙酸合成过程苯氧乙酸钠离心母液",水状液态废物,液态,,,,,,,,10000-1000000,,,70-99,,,,,,,,,,,,,,,,,,,,,,,,,,,,,,,,,,,,,,,,,,,,,,,,,,,,,,,,,,,,,,,,,,,,,,,,,,,,,,,,,,,,,,,,,,,,,,,,,,,,,,,,,,,,,,,,,,,,,,,,,,,,,,,,,,,,,,,,,,,,,,,,,,,,,,,,,,,,,,,,,,,,,,,,,,,,,,,,,,,,,,,,,,,,,,,,,,,,,,,,,,,,,,,0.1-100,,,,,,,,,,,,,,0.1-65,,,,,,0.1-100,,,,,,,,,,,,,,,,,,,,,,,,,,,,,,0.1-200,,,,,,,,,,,,,,,,,,,,,,,,,,,,,,,,,,,,,,,,,,,,,,,,,,,,,,,,,,,,,,,,,,,,
液相反应残液,农药,2甲4氯酸合成过程产生的母液,无,2甲4氯酸合成过程产生的氯化母液；2甲4氯酸合成过程酸化母液酚回收产生的蒸馏残液,水状液态废物,液态,,,,,,,,10000-1000000,,,70-99,,,,,,,,,,,,,,,,,,,,,,,,,,,,,,,,,,,,,,,,,,,,,,,,,,,,,,,,,,,,,,,,,,,,,,,,,,,,,,,,,,,,,,,,,,,,,,,,,,,,,,,,,,,,,,,,,,,,,,,,,,,,,,,,,,,,,,,,,,,,,,,,,,,,,,,,,,,,,,,,,,,,,,,,,,,,,,,,,,,,,,,,,,,,,,,,,,,,,,,,,,,,,,,,,,,,0.1-153,,,,,,,,,,,,,,,0.1-100,,0.1-100,,,,,,,,,,,,,,,,,,,,,,,,,,,,,,,,,,,,,,,,,,,,,,,,,,,,,,,,,,,,,,,,,,,,,,,,,,,,,,,,,,,,,,,,,,,,,,,,
液相反应残液,农药,百草枯合成过程产生的母液,无,氰醇法合成百草枯N-甲基吡啶盐合成釜废液；氰醇法合成百草枯产生的滤液,水状液态废物,液态,,,,,,,,10000-1000000,,,70-99,,,,,,,,,,,,,,,,,,,,,,,,,,,,,,,,,,,,,,,,,,,,,,,,,,,,,,,,,,,,,,,,,,,,,,,,,,,,,,,,,,,,,,,,,,,,,,,,,,,,,,,,,,,,,,,,,,,,,,,,,,,,,,,,,,,,,,,,,,,,,,,,,,,,,,,,,,,,,,,,,,,,,,,,,,,,,,,,,,,,,,,,,,,,,,,,,,,,,,,,,,,,,,,,,,,,,,,,,,,,,,,,,,,,,,,,,,,,0.1-100,0.1-100,,,,,,,,,,,,,,,,,,,,,,,,,,,,,,,,,,,0.1-100,,,,,,,,,,,,,,,,,,,,,,,,,,,,,,,,,,,,,,,,,,,,,,,,,,,,,
液相反应残液,农药,苯磺隆合成过程产生的离心母液,无,苯磺隆合成离心母液,水状液态废物,液态,,,,,,,,10000-1000000,,,70-99,,,,,,,,,,,,,,,,,,,,,,,,,,,,,,,,,,,,,,,,,,,,,,,,,,,,,,,,,,,,,,,,,,,,,,,,,,,,,,,,,,,,,,,,,,,,,,,,,,,,,,,,,,,,,,,,,,,,,,,,,,,,,,,,,,,,,,,,,,,,,,,,,,,,,,,,,,,,,,,,,,,,,,,,,,,,,,,,,,,,,,,,,,,,,,,,,,,,,,,,,,,,,,,,,0.1-100,,,,,,,,,,,,,,,,,,,,,,,,,,,,,,,,,,,,,,,,,,,,,,,,,,,,,,,,,,,,,,,,0.1-100,,,,,,,,,,,,,,,,,,,,,,,,,,,,,,,,,,,,,,,,,,,,,,,,,,,,
液相反应残液,农药,吡虫啉生产过程中咪唑烷回收母液,无,咪唑烷回收母液,水状液态废物,液态,,,,,,,,10000-1000000,,,70-99,,,,,,,,,,,,,,,,,,,,,,,,,,,,,,,,,,,,,,,,,,,,,,,,,,,,,,,,,,,,,,,,,,,,,,,,,,,,,,,,,,,,,,,,,,,,,,,,,,,,,,,,,,,,,,,,,,,,,,,,,,,,,,,,,,,,,,,,,,,,,,,,,,,,,,,,,,,,,,,,,,,,,,,,,,,,,,,,,,,,,,,1-100,,,,,,,,,,,,,,,,,,,,,,,,,,,,,,,,,,,,,,,,,,,,,,,,,,,,,,,0.1-100,,,,,,,,,,,,,,,,,,,,,,,,,,,,,,,,,,,,0.1-100,0.1-100,,,,,,,,,,,,,,,,,,,,,,,,,,,,,,,,,,,,,,,,,,,,,,,,,,
液相反应残液,农药,苄嘧磺隆合成离心滤液,无,邻甲氧酰基苄基磺酰氯合成过程产生的含盐母液；邻甲基苯甲酸甲酯合成过程母液,水状液态废物,液态,,,,,,,,10000-1000000,,,70-99,,,,,,,,,,,,,,,,,,,,,,,,,,,,,,,,,,,,,,,,,,,,,,,,,,,,,,,,,,,,,,,,,,,,,,,,,,,,,,,,,,,,,,,,,,,,,,,,,,,,,,,,,,,,,,,,,,,,,,,,,,,,,,,,,,,,,,,,,,,,,,,,,,,,,,,,,,,,,,,,,,,,,,,,,,,,,,,,,,,,,,,,0.1-100,,,,,,0.1-100,,,,,,,,,,,,,,,,,,,,,,,,,,,,,,,,,,,,,,,,,,,,,,,,,,,,,,,,,,,,,,,,,,,,,,,,,,,,,,,,,,,,,,,,,,,,,,,,,,,,,,,,,,,,,,,,,,,,,,,,,,,,,,,,,,,,,,,
液相反应残液,农药,丙环唑合成过程中产生的母液,无,先环合工艺生产丙环唑过程中丙环唑合成萃取过程中产生的溴化钠废水（母液）；先环合工艺生产丙环唑过程中溴化物中和釜碱洗产生的溴化钠母液,水状液态废物,液态,,,,,,,,10000-1000000,,,70-99,,,,,,,,,,,,,,,,,,,,,,,,,,,,,,,,,,,,,,,,,,,,,,,,,,,,,,,,,,,,,,,,,,,,,,,,,,,,,,,,,,,,,,,,,,,,,,,,,,,,,,,,,,,,,,,,,,,,,,,,,,,,,,,,,,,,,,,,,,,,,,,,,,,,,,,,,,,,,,,,,,,,,,,,,,,,,,,,,,,,,,,,,,,,,,,,,,,,,,,,,,,,,,,,,,,,,,,,,,,,,,,,,,,,,,,,,,,,,,,,,,,,,,,,,,,,,,,,,,,,,,,,,,,,,,,,,,,,0.1-100,,,,,,,,,,,,,,,,,,,,,,,,,,,,,,,,,,,,,,,,,,,,,,,,,
液相反应残液,农药,丙溴磷合成母液,无,丙溴磷合成母液；丙溴磷生产过程中硫代磷酸酯合成含盐母液,水状液态废物,液态,,,,,,,,10000-1000000,,,70-99,,,,,,,,,,,,,,,,,,,,,,,,,,,,,,,,,,,,,,,,,,,,,,,,,,,,,,,,,,,,,,,,,,,,,,,,,,,,,,,,,,,,,,,,,,,,,,,,,,,,,,,,,,,,,,,,,,,,,,,,,,,,,,,,,,,,,,,,,,,,,,,,,,,,,,,,,,,,,,,,,,,,,,,,,,,,,,,,,,,,,,,,,,,,,,,,,,,,,,,,,,,,,,,,,,,,,,,,,,,,,,,,,,,,,,,,,,,,,,,,,,,,,,,,,,,,,,,,,,,,,,,,,,,,,,,,,,,,,,,,,,,0.1-100,0.1-100,0.1-100,,,,,,,,,,,,,,,,,,,,,,,,,,,,,,,,,,,,,,,,
液相反应残液,农药,草甘膦母液,无,甘氨酸法生产草甘膦过程中草甘膦母液,水状液态废物,液态,,,,,,,,10000-1000000,,,70-99,,,,,,,,,,,,,,,,,,,,,,,,,,,,,,,,,,,,,,,,,,,,,,,,,,,,,,,,,,,,12-18,,,,,,,,,,,,,,,,,,,,,,,,,,,,,,,,,,,,,,,,,,,,,,,,,,,,,,,,,,,,,,,,,,,,,,,,,,,,,,,,,,,,,,,,,,,,,,,,,,,,,,,,,,,,,,,,,,,,,,,,,,,,,,,,,,,,,,,,,,,,,,,,,,,,,,,,,,,,,,,,,,,1-4,,1.3-1.8,,,,,,,,,,,,,,,,,,,,,,,,,,,,,,,,,0.7-1.5,2-4,0.02-0.78,,,,,,,,,,,,,,,,,,,,,,,,,,,,,,,,,,,,,,,,,,,,,,,,,,,,,,,,,,,,,,,,,
液相反应残液,农药,代森锰锌离心母液,无,代森锰锌离心母液,水状液态废物,液态,,,,,,,,10000-1000000,,,70-99,,,,,,,,,,,,,,,,,,,,,,,,,,,,,,,,,,,,,,,,,,,,,,,,,,,,,,,,,,,,,,,,,,,,,,,,,,,,,,,,,,,,,,,,,,,,,,,,,,,,,,,,,,,,,,,,,,,,,,,,,,,,,,,,,,,,,,,,,,,,,,,,,,,,,,,,,,,,,,,,,,,,,,,,,,,,,,,,,,,,,,,,,,,,,,,,,,,,,,,,,,,,,,,,,,,,,,,,,,,,,,,,,,,,,,,,,,,,,,,,,,,,,,,,,,0.1-10,,,,,,,,,,,,,,,,,,,,,,,,,,,0.1-20,,,,,,,,,,,,,,,,,,,,,,,,,,,,,,,,,,,,,,,,,,,,,,,,
液相反应残液,农药,敌百虫精制过程中的盐析母液,无,敌百虫精制过程中的盐析母液,水状液态废物,液态,,,,,,,,10000-1000000,,,70-99,,,,,,,,,,,,,,,,,,,,,,,,,,,,,,,,,,,,,,,,,,,,,,,,,,,,,,,,,,,,,,,,,,,,,,,,,,,,,,,,,,,,,,,,,,,,,,,,,,,,,,,,,,,,,,,,,,,,,,,,,,,,,,,,,,,,,,,,,,,,,,,,,,,,,,,,,,,,,,,,,,,,,,,,,,,,,,,,,,,,,,,,,,,,,,,,,,,,,,,,,,,,,,,,,,,,,,,,,,,,,,,,,,,,,,,,,,,,,,,,,,,,,,,,,,,,,,,,,,,,,,,,,,,,,,,,,,,,,,0.1-100,,,,,,,,,,,,,,,,,,,,,,,,,,,,,,,,,,,,,,,,,,,,,,,
液相反应残液,农药,丁草胺合成水洗母液,无,甲叉法合成丁草胺过程中丁草胺合成水洗母液,水状液态废物,液态,,,,,,,,10000-1000000,,,70-99,,,,,,,,,,,,,,,,,,,,,,,,,,,,,,,,,,,,,,,,,,,,,,,,,,,,,,,,,,,,,,,,,,,,,,,,,,,,,,,,,,,,,,,,,,,,,,,,,,,,,,,,,,,,,,,,,,,,,,,,,,,,,,,,,,,,,,,,,,,,,,,,,,,,,,,,,,,,,,,,,,,,,,,,,,,,,,,,,,,,,,,,,0.1-100,,,,,,,,,,,,,,,,,,,,,,,,,,,,,,,,,,,,,,,,,,,,,,,,,,,,,,,,,,,,,,,,,,,0.1-100,0.1-100,0.1-100,,,,,,,,,,,,,,,,,,,,,,,,,,,,,,,,,,,,,,,,,,,,,,,,,,,,,,,,,,,,,,,,,,,,,,,
液相反应残液,农药,啶虫脒母液,无,N-氰基乙酰亚胺甲酯（乙酯）合成母液,水状液态废物,液态,,,,,,,,10000-1000000,,,70-99,,,,,,,,,,,,,,,,,,,,,,,,,,,,,,,,,,,,,,,,,,,,,,,,,,,,,,,,,,,,,,,,,,,,,,,,,,,,,,,,,,,,,,,,,,,,,,,,,,,,,,,,,,,,,,,,,,,,,,,,,,,,,,,,,,,,,,,,,,,,,,,,,,,,,,,,,,,,,,,,,,,,,,,,,,,,,,,,,,,,,,,,,,0.1-100,,,,,,,,,,,,,,,,,,,,,,,,,,,,,,,,,,,,,,,,,,,,,,,,,,,,,,,,,,,,,,,,,,,,,,,,,,,,,,,,,,,,,,,,,,,,,0.1-100,,,,,,,,,,,,,,,,,,,,,,,,,,,,,,,,,,,,,,,,,,,,,,
液相反应残液,农药,毒死蜱合成过程中产生的高盐废水,无,三氯乙酰氯路线生产毒死蜱过程中三氯吡啶醇钠合成过程中产生的高盐母液,水状液态废物,液态,,,,,,,,10000-1000000,,,70-99,,,,,,,,,,,,,,,,,,,,,,,,,,,,,,,,,,,,,,,,,,,,,,,,,,,,,,,,,,,,7-10,,,,,,,,,,,,,,,,,,,,,,,,,,,,,,,,,,,,,,,,,,,,,,,,,,,,,,,,,,,,,,,,,,,,,,,,,,,,,,,,,,,,,,,,,,,,,,,,,,,,,,,,,,,,,,,,,,,,,,,,,,,,,,,,,,,,,,,,,,,,,,,,,,,,,,,,,,,,,,,,,,,,,,,,,,,,,,,,,,,0.1-100,0.1-100,,,,,,,,,,,,,,,,,,,,,,,,,,0.1-100,,,,,,,,,,,,,,,,,,,,,,,,,,,,,,,,,,,,,,,,,,,,,,,,,,,,,,,,,,,
液相反应残液,农药,多菌灵合成过程中的缩合工段离心浓母液,无,多菌灵合成过程中的缩合工段离心浓母液；多菌灵合成过程中的缩合工段离心母液多效蒸发之后的浓缩母液,水状液态废物,液态,,,,,,,,10000-1000000,,,70-99,,,,,,,,,,,,,,,,,,,,,,,,,,,,,,,,,,,,,,,,,,,,,,,,,,,,,,,,,,,,,,,,,,,,,,,,,,,,,,,,,,,,,,,,,,,,,,,,,,,,,,,,,,,,,,,,,,,,,,,,,,,,,,,,,,,,,,,,,,,,,,,,,,,,,,,,,,,,,,,,,,,,,,,,,,,,,,,,,,,,,,,,,,,,0.1-100,,,,,,,,,,,,,,,,,,,,,,,,,,,,,,,,,,,,,,,,,,,,,,,,,,,,,,1-38,,,,,,,,,,,,,,,,,,,,,,,,,0.1-100,,,,,,,,,,,,,,,,,,,,,,,,,,,,,,,,,,,,,,,,,,,,,,,,,,,,,,,,,,
液相反应残液,农药,氟乐灵生产过程中胺化工段产生的氟乐灵母液,无,氟乐灵生产过程中胺化工段产生的氟乐灵母液。对氯三氟甲苯蒸馏产生的蒸馏残液,水状液态废物,液态,,,,,,,,10000-1000000,,,70-99,,,,,,,,,,,,,,,,,,,,,,,,,,,,,,,,,,,,,,,,,,,,,,,,,,,,,,,,,,,,,,,,,,,,,,,,,,,,,,,,,,,,,,,,,,,,,,,,,,,,,,,,,,,,,,,,,,,,,,,,,,,,,,,,,,,,,,,,,,,,,,,,,,,,,,,,,,,,,,,,,,,,,,,,,,,,,,,,,,,,,,,,,,,,,,,,,,,,,,,,,,,,,,,,,,,,,,,,,,,,,,,,,,,,,,,,,,,,,,,,,,,,,,,,,,,,,,,,,,,,,,,,,,,,0.1-100,,,,,,,,,,,,,,,,,,0.1-100,,,,,,,,,,,,,,,,,,,,,,,,,,,,,,,,,,,,,,,
液相反应残液,农药,高效氯氟氰菊酯母液,无,功夫菊酸合成过程中的NaCl废水,水状液态废物,液态,,,,,,,,10000-1000000,,,70-99,,,,,,,,,,,,,,,,,,,,,,,,,,,,,,,,,,,,,,,,,,,,,,,,,,,,,,,,,,,,,,,,,,,,,,,,,,,,,,,,,,,,,,,,,,,,,,,,,,,,,,,,,,,,,,,,,,,,,,,,,,,,,,,,,,,,,,,,,,,,,,,,,,,,,,,,,,,,,,,,,,,,,,,,,,,,,,,,,,,,,,,,,,,,,,,,,,,,,,,,,,,,,,,,,,,,,,,,,,,,,,,,0.1-100,,,,,,,,,,,,,,,,,,,,,,,,,,,,,,,,,,,,,,,,,,,,,,,,,,,,,,,,,,,,,,,0.1-100,0.1-100,,,,,,,,,,,,,,,,,,,,,,,,,,,,,,,,,,,,,
液相反应残液,农药,高效氯氰菊酯,无,二氯菊酸合成过程产生的NaCl废水,水状液态废物,液态,,,,,,,,10000-1000000,,,70-99,,,,,,,,,,,,,,,,,,,,,,,,,,,,,,,,,,,,,,,,,,,,,,,,,,,,,,,,,,,,,,,,,,,,,,,,,,,,,,,,,,,,,,,,,,,,,,,,,,,,,,,,,,,,,,,,,,,,,,,,,,,,,,,,,,,,,,,,,,,,,,,,,,,,,,,,,,,,,,,,,,,,,,,,,,,,,,,,,,,,,,,,,,,,,,,,,,,,,,,,,,,,,,,,,,,,,,,,0.1-100,,,,,,,,0.1-100,,,,,,,,,,,,,,,,,,,,,,,,,,,,,,,,,,,,,,,,,,,,,,,,,,,,,,,,,,,,,,,,,0.1-100,,,,,,,,,,,,,,,,,,,,,,,,,,,,,,,,,,,,
液相反应残液,农药,麦草畏母液,无,"二氯苯胺法生产麦草畏过程中2,5-二氯苯酚合成过程二甲苯萃取母液",水状液态废物,液态,,,,,,,,10000-1000000,,,70-99,,,,,,,,,,,,,,,,,,,,,,,,,,,,,,,,,,,,,,,,,,,,,,,,,,,,,,,,,,,,,,,,,,,,,,,,,,,,,,,,,,,,,,,,,,,,,,,,,,,,,,,,,,,,,,,,,,,,,,,,,,,,,,,,,,,,,,,,,,,,,,,,,,,,,,,,,,,,,,,,,,,,,,,,,,,,,,,,,,,,,,,,,,,,,,,,,,,,,,,,,,,,,,,,,,,,,,,,,,,,,0.1-100,0.1-100,,,,,,,,,,,,,,,,,,,,,,,,,,,,,,,,,,0.1-100,,,,,,,,,,,,,,,,,,,,,,,,0.1-100,,,,,,,,,,,,,,,,,,,,,,,,,,,,,,,,,,,,,,,,,,,,,
液相反应残液,农药,三环唑母液,无,4-甲基-2-肼基苯并噻唑的合成过程中水合肼滤液产生的滤液,水状液态废物,液态,,,,,,,,10000-1000000,,,70-99,,,,,,,,,,,,,,,,,,,,,,,,,,,,,,,,,,,,,,,,,,,,,,,,,,,,,,,,,,,,,,,,,,,,,,,,,,,,,,,,,,,,,,,,,,,,,,,,,,,,,,,,,,,,,,,,,,,,,,,,,,,,,,,,,,,,,,,,,,,,,,,,,,,,,,,,,,,,,,,,,,,,,,,,,,,,,,,,,,,,,,,,,,,,,,,,,,,,,,,,,,,,,,,,,,,,,,,,,,,,,,,,,,,,,,,,,,,,,,,,,,,,,,,,,,,0.1-100 ,,,,,,,,,,,,,,,,,,,,,,,,,,,,,,,,,,,,,,,0.1-100,,,,,,,,,,,,,,,,,,,,,,,,,,,,,,,,,,,
液相反应残液,农药,三唑磷合成含盐母液,无,三唑磷合成含盐母液,水状液态废物,液态,,,,,,,,10000-1000000,,,70-99,,,,,,,,,,,,,,,,,,,,,,,,,,,,,,,,,,,,,,,,,,,,,,,,,,,,,,,,,,,,1-3,,,,,,,1-4,,,,,,,,,,,,,,,,,,,,,,,,,,,,,,,,,,,,,,,,,,,,,,,,,,,,,,,,,,,,,,,,,,,,,,,,,,,,,,,,,,,,,,,,,,,,,,,,,,,,,,,,,,,,,,,,,,,,,,,,,,,,,,,,,,,,,,,,,,,,1-100,,,,,,,,,,,,,,,,,,0.1-100,,,,,,,,,,,,,,,0.1-100,,,0.1-100,0.1-100,0.1-100,,,,,,,,,,,,,,,,,0.1-100,,,,,,,,,,,,,,,,,,,,,,,,,,,,,0.1-100,,,,,,,,,,,,,,,,,,,,,,,,,,,,,,,,,,
液相反应残液,农药,杀虫单合成离心母液,无,胺化工段产生的蒸胺母液；杀虫单合成离心母液,水状液态废物,液态,,,,,,,,10000-1000000,,,70-99,,,,,,,,,,,,,,,,,,,,,,,,,,,,,,,,,,,,,,,,,,,,,,,,,,,,,,,,,,,,18-22,,,,,,,,,,,,,,,,,,,,,,,,,,,,,,,,,,,,,,,,,,,,,,,,,,,,,,,,,,,,,,,,,,,,,,,,,,,,,,,,,,,,,,,,,,,,,,,,,,,,,,,,,,,,,,,,,,,,,,,,,,,,,,,,,,,,,,,,,,,,,,,,,,,,,,,,,,,,,,,,,,,,,,,,,,,,,,,,,,,,,,,,,,0.1-100,,,,,,,,,,,,,,,,,,,,,,,,,,,,,,,,,,,0.1-100,,,,,,,,,,,,,,,,,,,,,,,,,,,,,,,,,,,,,,,,,,,,
液相反应残液,农药,戊唑醇母液,无,戊唑醇环氧合成过程回收甲醇冷凝液,水状液态废物,液态,,,,,,,,10000-1000000,,,70-99,,,,,,,,,,,,,,,,,,,,,,,,,,,,,,,,,,,,,,,,,,,,,,,,,,,,,,,,,,,,,,,,,,,,,,,,,,,,,,,,,,,,,,,,,,,,,,,,,,,,,,,,,,,,,,,,,,,,,,,,,,,,,,,,,,,,,,,,,,,,,,,,,,,,,,,,,,,,,,,,,,,,,,,,,,,,,,,,,,,,,,,,,,,,,,,,,,,,,,,,,,,,,,,,,,,,,,,,,,,,,,,,,,,,,,,,,,,,,,,,,,,,,,,,,,,,,,,,,,,,,,,,,,,,,,,,,,,,,,,,,,,,,,,,,,,,0.1-100,0.1-100,0.1-100,,,,,,,,,,,,,,,,,,,,,,,,,,,,,,,
液相反应残液,农药,西玛津合成过程中的高盐母液,无,西玛津合成过程中的高盐母液,水状液态废物,液态,,,,,,,,10000-1000000,,,70-99,,,,,,,,,,,,,,,,,,,,,,,,,,,,,,,,,,,,,,,,,,,,,,,,,,,,,,,,,,,,30-60,,,,,,,,,,,,,,,,,,,,,,,,,,,,,,,,,,,,,,,,,,,,,,,,,,,,,,,,,,,,,,,,,,,,,,,,,,,,,,,,,,,,,,,,,,,,,,,,,,,,,,,,,,,,,,,,,,,,,,,,,,,,,,,,,,,,,,,,,,,,,,,,,,,1-100,,,,,,,,,,,,,,,,,,,,,,,,,,,,,,,,,,,,,,,,,,,,,,,,,,,,,,0.1-100,,,,,,,,,,,,,,,,,,,,,,,,,,,,,,,,,,,,,,,,,,,,,,,,,,,,,,,,,,,,,,,,
液相反应残液,农药,辛硫磷合成过程产生的酸性废液,无,辛硫磷合成过程产生的酸性废液（含酸化废水）；辛硫磷合成母液肟钠回收产生的浓缩母液,水状液态废物,液态,,,,,,,,10000-1000000,,,70-99,,,,,,,,,,,,,,,,,,,,,,,,,,,,,,,,,,,,,,,,,,,,,,,,,,,,,,,,,,,,,,,,,,,,,,,,,,,,,,,,0.1-100,,,,,,,,,,,,,,,,,,,,,,,,,,,,,,,,,,,,,,,,,,,,,,,,,,,,,,,,,,,,,,,,,,,,,,,,,,,,,,,,,,,,,,,,,,,,,,,,,,,,,,,,,,,,,,,,,,,,,,,,,,,,,,,,,,,,,,,,,,,,,,,,,,,,,,,,,,,,,,,,,,,,,,,,,,,,,,,,,,,,,,,,,,,,,,,,,,,,,,,,,,,,,,,,,,,,,,,0.1-100,0.1-100,0.1-100,,,,,,,,,,,,,,,,,,,,,,,,,,,,
液相反应残液,农药,烟嘧磺隆母液,无,烟嘧磺胺合成氯化工段产生的高盐废水；烟嘧磺胺合成胺化工段产生的含氯化铵废水,水状液态废物,液态,,,,,,,,10000-1000000,,,70-99,,,,,,,,,,,,,,,,,,,,,,,,,,,,,,,,,,,,,,,,,,,,,,,,,,,,,,,,,,,,10-20,,,,,,,,,,,,,,,,,,,,,,,,,,,,,,,,,,,,,,,,,,,,,,,,,,,,,,,,,,,,,,,,,,,,,,,,,,,,,,,,,,,,,,,,,,,,,,,,,,,,,,,,,,,,,,,,,,,,,,,,,,,,,,,,,,,,,,,,,,,,,,,,,,,,,,,,,,,,,,,,,,,,,,,,,,,,,,,,,,,,,,,,,,,,,,,,,,,,,,,,,,,,,,,,,,,,,,,,,,,,,,,,,,,,,,,,,,,,,,0.1-100,1-100,,,,,,,,,,,,,,,,,,,,,,,,,,
液相反应残液,农药,乙草胺母液,无,甲叉法生产乙草胺过程中乙草胺合成水洗母液；甲叉法生产乙草胺过程中乙草胺合成水洗母液多效蒸发浓缩母液,水状液态废物,液态,,,,,,,,10000-1000000,,,70-99,,,,,,,,,,,,,,,,,,,,,,,,,,,,,,,,,,,,,,,,,,,,,,,,,,,,,,,,,,,,,,,,,,,,,,,,,,,,,,,,,,,,,,,,,,,,,,,,,,,,,,,,,,,,,,,,,,,,,,,,,,,,,,,,,,,,,,,,,,,,,,,,,,,,,,,,,,,,,,,,,,,,,,,,,,,,,,,,,,,,,,,,,,,0.1-100,,,,,,,,,,,,,,,,,,,,,,,,,,,,,,,,,,,,,,,,,,,,,,,,,,,,,,,,,,,,,,,,,0.1-100,0.1-100,,,,,,,,,,,,,,,,,,,,,,,,,,,,,0.1-100,,,,,,,,,,,,,,,,,,,,,,,,,,,,,,,,,,,,,,,,,,,
液相反应残液,农药,乙酰甲胺磷合成过程中和反应产物萃取母液,无,精胺合成过程粗胺合成母液萃取回收精胺产生的萃取母液；乙酰甲胺磷合成过程中和反应产物萃取母液,水状液态废物,液态,,,,,,,,10000-1000000,,,70-99,,,,,,,,,,,,,,,,,,,,,,,,,,,,,,,,,,,,,,,,,,,,,,,,,,,,,,,,,,,,,,,,,,,,,,,,,,,,,,,,,,,,,,,,,,,,,,,,,,,,,,,,,,,,,,,,,,,,,,,,,,,,,,,,,,,,,,,,,,,,,,,,,,,,,,,,,,,,,,,,,,,,,,,,,,,,,,,,,,,,,,,,,,,,,,,,,,,,,,,,,,,,,,,,,,,,,,,,,,,,,,,,,,,,,,,,,,,,,,,,,,,,,,,,,,,,,,,,,,,,,,,,,,,,,,,,,,,,,,,,,,,,,,,,,,,,,,,,,,,,0.1-100,0.1-100,,,,,,,,,,,,,,,,,,,,,,,,
液相反应残液,农药,异丙甲草胺酰化过程中产生的含盐母液,无,异丙甲草胺酰化过程中产生的含盐母液,水状液态废物,液态,,,,,,,,10000-1000000,,,70-99,,,,,,,,,,,,,,,,,,,,,,,,,,,,,,,,,,,,,,,,,,,,,,,,,,,,,,,,,,,,3-9,,,,,,,,,,,,,,,,,,,,,,,,,,,,,,,,,,,,,,,,,,,,,,,,,,,,,,,,,,,,,,,,,,,,,,,,,,,,,,,,,,,,,,,,,,,,,,,,,,,,,,,,,,,,,,,,,,,,,,,,,,,,,,,,,,,,,,,,,,,,,,,,,,,0.1-100,,,,,,,,,,,,,,,,,,,,,,,,,,,,,,,,,,0.1-100,,,,,,,,0.1-100,,,,,,,,,,,,,,,,,,,,,,,,,,,,,,,,,,,,,,,,,,,,,,,,,,,,,,,,,,,,,,,,,,,,,,,,,,,,
液相反应残液,农药,莠灭净生产过程中莠去津合成过程中产生的高盐母液,无,莠去津合成过程中的高盐母液,水状液态废物,液态,,,,,,,,10000-1000000,,,70-99,,,,,,,,,,,,,,,,,,,,,,,,,,,,,,,,,,,,,,,,,,,,,,,,,,,,,,,,,,,,3-13,,,,,,,,,,,,,,,,,,,,,,,,,,,,,,,,,,,,,,,,,,,,,,,,,,,,,,,,,,,,,,,,,,,,,,,,,,,,,,,,,,,,,,,,,,,,,,,,,,,,,,,,,,,,,,,,,,,,,,,,,,,,,,,,,,,,,,,,,,,,,,,,,,,1-100,,,,,,,,,,,,,,,,,,,,,,,,,,,,,,,,,,,,,,,,,,,,,,,,,,,,,,,,,,,,,,,,1-58.6 ,,,,,,,,,,,,,,,,,,,,,,,,,,,,,,,,,,,,,,,,,,,,,,,,,,,,,,
液相反应残液,农药,2-氯-18-氯甲基吡啶（CCMP）母液,无,环戊二烯路线生产CCMP过程中以三氯氧磷为原料2-氯-5-氯甲基吡啶环合水解釜产生的含磷废液,水状液态废物,液态,,,,,,,,10000-1000000,,,70-99,,,,,,,,,,,,,,,,,,,,,,,,,,,,,,,,,,,,,,,,,,,,,,,,,,,,,,,,,,,,,,,,,,,,,,,,,,,,,,,,,,,,,,,,,,,,,,,,,,,,,,,,,,,,,,,,,,,,,,,,,,,,,,,,,,,,,,,,,,,,,,,,,,,,,,,,,,,,,,,,,,,,,,,,,,,,,,,,,,,,,,,,,,,,,,,,,,,,,,,,,,,,,,,0.1-100,,,,,,,,,,,,,,,,,,,,,,,,,,,,,,,,,,,,,,,,,,,,,,,,,,,,,,,,,,,,,,,,,,,,,,,,,,,,,,,,,,,,,,,,,,,,,,,0.1-100,0.1-100,0.1-100,,,,,,,,,,,,,,,,,,,,,
液相反应残液,表面处理,使用锌和电镀化学品进行镀锌产生的废槽液,无,电镀槽液更换过程产生的废电镀槽液,,,,,,,,,,,,,,,,,,,,,,,,,,,,,,,,,,,,,,,,,,,,,,,,,,,,,,,,,,,,,,,,,,,,,,,,,,,,,,,,,,,,,,,,,,,,,,,,,,,,,,,,,,,,,,,,,,,,,,,,,,,,,,,,,,,,,,,,,,,,,,,,,,,,,,,,,,,,,,,,,,,,,,,,,,,,,,,,,,,,,,,,,,,,,,,,,,,,,,,,,,,,,,,,,,,,,,,,,,,,,,,,,,,,,,,,,,,,,,,,,,,,,,,,,,,,,,,,,,,,,,,,,,,,,,,,,,,,,,,,,,,,,,,,,,,,,,,,,,,,,,,,,,,,,,,,,,,,,,,,,,,,,,,,,,,,,,,,,,
液相反应残液,表面处理,使用镉和电镀化学品进行镀镉产生的废槽液,无,电镀槽液更换过程产生的废电镀槽液,,,,,,,,,,,,,,,,,,,,,,,,,,,,,,,,,,,,,,,,,,,,,,,,,,,,,,,,,,,,,,,,,,,,,,,,,,,,,,,,,,,,,,,,,,,,,,,,,,,,,,,,,,,,,,,,,,,,,,,,,,,,,,,,,,,,,,,,,,,,,,,,,,,,,,,,,,,,,,,,,,,,,,,,,,,,,,,,,,,,,,,,,,,,,,,,,,,,,,,,,,,,,,,,,,,,,,,,,,,,,,,,,,,,,,,,,,,,,,,,,,,,,,,,,,,,,,,,,,,,,,,,,,,,,,,,,,,,,,,,,,,,,,,,,,,,,,,,,,,,,,,,,,,,,,,,,,,,,,,,,,,,,,,,,,,,,,,,,,
液相反应残液,表面处理,使用镍和电镀化学品进行镀镍产生的废槽液,无,,,,,,,,,,,,,,,,,,,,,,,,,,,,,,,,,,,,,,,,,,,,,,,,,,,,,,,,,,,,,,,,,,,,,,,,,,,,,,,,,,,,,,,,,,,,,,,,,,,,,,,,,,,,,,,,,,,,,,,,,,,,,,,,,,,,,,,,,,,,,,,,,,,,,,,,,,,,,,,,,,,,,,,,,,,,,,,,,,,,,,,,,,,,,,,,,,,,,,,,,,,,,,,,,,,,,,,,,,,,,,,,,,,,,,,,,,,,,,,,,,,,,,,,,,,,,,,,,,,,,,,,,,,,,,,,,,,,,,,,,,,,,,,,,,,,,,,,,,,,,,,,,,,,,,,,,,,,,,,,,,,,,,,,,,,,,,,,,,,
液相反应残液,表面处理,使用铬和电镀化学品进行镀黑铬产生的废槽液,无,,,,,,,,,,,,,,,,,,,,,,,,,,,,,,,,,,,,,,,,,,,,,,,,,,,,,,,,,,,,,,,,,,,,,,,,,,,,,,,,,,,,,,,,,,,,,,,,,,,,,,,,,,,,,,,,,,,,,,,,,,,,,,,,,,,,,,,,,,,,,,,,,,,,,,,,,,,,,,,,,,,,,,,,,,,,,,,,,,,,,,,,,,,,,,,,,,,,,,,,,,,,,,,,,,,,,,,,,,,,,,,,,,,,,,,,,,,,,,,,,,,,,,,,,,,,,,,,,,,,,,,,,,,,,,,,,,,,,,,,,,,,,,,,,,,,,,,,,,,,,,,,,,,,,,,,,,,,,,,,,,,,,,,,,,,,,,,,,,,
液相反应残液,表面处理,使用铜和电镀化学品进行镀铜产生的废槽液,无,,,,,,,,,,,,,,,,,,,,,,,,,,,,,,,,,,,,,,,,,,,,,,,,,,,,,,,,,,,,,,,,,,,,,,,,,,,,,,,,,,,,,,,,,,,,,,,,,,,,,,,,,,,,,,,,,,,,,,,,,,,,,,,,,,,,,,,,,,,,,,,,,,,,,,,,,,,,,,,,,,,,,,,,,,,,,,,,,,,,,,,,,,,,,,,,,,,,,,,,,,,,,,,,,,,,,,,,,,,,,,,,,,,,,,,,,,,,,,,,,,,,,,,,,,,,,,,,,,,,,,,,,,,,,,,,,,,,,,,,,,,,,,,,,,,,,,,,,,,,,,,,,,,,,,,,,,,,,,,,,,,,,,,,,,,,,,,,,,,
蒸馏精馏,石油炼制,石油炼制过程产生的酸焦油及其他焦油,无,焦化工段产生的酸焦油及其他焦油,粘稠状液体,液态,粘稠状,黑色,,,<15,,,,,,,,,,,,,,,,,,,,,,,,,,,,,,,,,,,,,,,,,,,,,,,,,,,,,,,,,,,,,,,,,,,,,,,,,,,,,,,,,,,,,,,,,,,,,,,,,,,,,,,,,,,,,,,,,,,,,,,,,,,,,,,,,,,,,,,,,,,,,,,,,,,,,,,,,,,,,,,,,,,,,,,,,,,,,,,,,,,,,,,,,,,,,,,,,,,,,,,,,,,,,,,,,,,,,,,,,,,,,,,,,,,,,,,,,,,,,,,,,,,,,,,,,,,,,,,,,,,,,,,,,,,,,,,,,,,,,,,,,,,,,,,,,,,,,,,,,,,,,,,,,,,,,,,,,,,,,,,,,,,,,,,,,,,
蒸馏精馏,煤化工,高温煤焦油,无,煤炭干馏时生成的具有刺激性臭味的黑色或黑褐色粘稠状液体,,液态,粘稠状,黑色或黑褐色,刺激性臭味,,<15,,,,,,,,,,,,,,,,,,,,,,,,,,,,,,,,,,,,,,,,,,,,,,,,,,,,,,,,,,,,,,,,,,,,,,,,,,,,,,,,,,,,,,,,,,,,,,,,,,,,,,,,,,,,,,,,,,,,,,,,,,,,,,,,,,,,,,,,,,,,,,,,,,,,,,,,,,,,,,,,,,,,,,,,,,,,,,,,,,,,,,,,,,,,,,,,,,,,,,,,,,,,,,,,,,,,,,,,,,,,,,,,,,,,,,,,,,,,,,,,,,,,,,,,,,,,,,,,,,,,,,,,,,,,,,,,,,,,,,,,,,,,,,,,,,,,,,,,,,,,,,,,,,,,,,,,,,,,,,,,,,,,,,,,,,,
蒸馏精馏,煤化工,中低温煤焦油,无,煤炭干馏时生成的具有刺激性臭味的黑色或黑褐色粘稠状液体,,液态,粘稠状,黑色,,1002-1250,<15,,,,,,,,,,,,,,,,,,,,,,,,,,,,,,,,,,,,,,,,,,,,,,,,,,,,,,,,,,,,,,,,,,,,,,,,,,,,,,,,,,,,,,,,,,,,,,,,,,,,,,,,,,,,,,,,,,,,,,,,,,,,,,,,,,,,,,,,,,,,,,,,,,,,,,,,,,,,,,,,,,,,,,,,,,,,,,,,,,,,,,,,,,,,,,,,,,,,,,,,,,,,,,,,,,,,,,,,,,,,,,,,,,,,,,,,,,,,,,,,,,,,,,,,,,,,,,,,,,,,,,,,,,,,,,,,,,,,,,,,,,,,,,,,,,,,,,,,,,,,,,,,,,,,,,,,,,,,,,,,,,,,,,,,,,,
蒸馏精馏,煤化工,焦油渣,无,焦油渣是炼焦生产过程中产生的粘稠状、易粘结的废渣,,固态,泥沙状,黑色,,1270-1443,<15,,,,29780-32670,,,"2,15-9.03",32-66.76,13.02-60,56.46-82.64,1.41-6.01,0.9-1.66,0.8-14.25,,,,,,,,,,,,,,,,,,,,,,,,,,,,,,,,,,,,,,,,,,,,,,,,,,,,,,,,,,,,,,,,,,,,,,,,,,,,,,,,,,,,,,,,,,,,,,,,,,,,,,,,,,,,,,,,,,,,,,,,,,,,,,,,,,,,,,,,,,,,,,,,,,,,,,,,,,,,,,,,,,,,,,,,,,,,,,,,,,,,,,,,,,,,,,,,,,,,,,,,,,,,,,,,,,,,,,,,,,,,,,,,,,,,,,,,,,,,,,,,,,,,,,,,,,,,,,,,,,,,,,,,,,,,,,,,,,,,,,,,,,,,,,,,,,,,,,,,,,,,,,,,,,,,,,,,,,,,,,
蒸馏精馏,煤化工,高温煤沥青,无,煤沥青产生于煤焦油的深加工过程，煤焦油蒸馏提取馏分（如轻油、酚油、萘油、洗油和蒽油等）后的残留物,色黑而有光泽，无固定的熔点，呈玻璃相，受热后软化继而熔化,固态,粘稠状,黑色,,1250-1350,<15,,,,,,,,,,92-94,4-5,,,,,,,,,,,,,,,,,,,,,,,,,,,,,,,,,,,,,,,,,,,,,,,,,,,,,,,,,,,,,,,,,,,,,,,,,,,,,,,,,,,,,,,,,,,,,,,,,,,,,,,,,,,,,,,,,,,,,,,,,,,,,,,,,,,,,,,,,,,,,,,,,,,,,,,,,,,,,,,,,,,,,,,,,,,,,,,,,,,,,,,,,,,,,,,,,,,,,,,,,,,,,,,,,,,,,,,,,,,,,,,,,,,,,,,,,,,,,,,,,,,,,,,,,,,,,,,,,,,,,,,,,,,,,,,,,,,,,,,,,,,,,,,,,,,,,,,,,,,,,,,,,,,,,,,,,,,,,,,,
蒸馏精馏,煤化工,中低温煤沥青,无,煤沥青产生于煤焦油的深加工过程，煤焦油蒸馏提取馏分（如轻油、酚油、萘油、洗油和蒽油等）后的残留物,无固定的熔点，呈玻璃相，受热后软化继而熔化,固态,粘稠状,黑褐色,,,<15,,,,,,,,,,80-90,6-9,,4-40,,,,,,,,,,,,,,,,,,,,,,,,,,,,,,,,,,,,,,,,,,,,,,,,,,,,,,,,,,,,,,,,,,,,,,,,,,,,,,,,,,,,,,,,,,,,,,,,,,,,,,,,,,,,,,,,,,,,,,,,,,,,,,,,,,,,,,,,,,,,,,,,,,,,,,,,,,,,,,,,,,,,,,,,,,,,,,,,,,,,,,,,,,,,,,,,,,,,,,,,,,,,,,,,,,,,,,,,,,,,,,,,,,,,,,,,,,,,,,,,,,,,,,,,,,,,,,,,,,,,,,,,,,,,,,,,,,,,,,,,,,,,,,,,,,,,,,,,,,,,,,,,,,,,,,,,,,,,,,
蒸馏精馏,煤化工,煤液化残渣,无,煤液化生产工艺中的液化反应物经过急冷、热高压和中压分离、常压和减压分馏提取低沸点油份后排出的固体废物,,固态,颗粒状,黑色,,972.3-1490,<15,,,,,,,14.76-22.82,32.86-47.91,,65.85-89.86,3.55-6.86,,1.02-4.55,,,,,,,0.89-6.57,,,,,,,,,,,,,,,,,,,,,,,,,,,,,,,,,,,,,,,,,,,,,,,,,,,,,,,,,,,,,,,,,,,,,,,,,,,,,,,,,,,,,,,,,,,,,,,,,,,,,,,,,,,,,,,,,,,,,,,,,,,,,,,,,,,,,,,,,,,,,,,,,,,,,,,,,,,,,,,,,,,,,,,,,,,,,,,,,,,,,,,,,,,,,,,,,,,,,,,,,,,,,,,,,,,,,,,,,,,,,,,,,,,,,,,,,,,,,,,,,,,,,,,,,,,,,,,,,,,,,,,,,,,,,,,,,,,,,,,,,,,,,,,,,,,,,,,,,,,,,,,,,,,,,,,
收尘灰,有色冶炼,铜火法冶炼熔炼收尘烟灰,无,火法炼铜（如双闪工艺及双底吹连续炼铜工艺等）熔炼、吹炼、精炼工段烟气各收尘设备产生的收尘烟灰,细粉末，无粗颗粒,固态,粉末状,白色、棕色,,,<2,,,,,,,,,,,,,,,,,,,,,,,,,,,,,,,3-5.05,4.04-8,5.92-9,29.66-33,,,,,,,,,,,,,,,,,,,,,,,,,,,,,,,,,,,,,,,,,,,,,,,,,,,,,,7-11,,,,,,,,,,,,,,,,,,,,,,,,,,,,,,,,34-38,,5-9,,35-39,,,,,,,,,,,,,,10-14,,,,,,,,78355.4-78359,26180.42-26186,40859.65-49861,,19065.05-19069,,,,,,61050.17-61056,56973.63-56977,,5216.95-5220 ,,,,,,,,,,,,,,,,,,,,,,,,,,,,,,,,,,,,,,,,,,,,,,,,,,,,,,,,,,,,,,,,,,,,,,,,,,,,,,,,,,,,,,,,,,,,,,,,,,,,,,,,,,,,,,,,,,,,,,,,,,,,,,,,,,,,,,,,,,,,,,,,,,,,,,,,,,,,,,,,,,,,,,,,,,,,
收尘灰,有色冶炼,铜火法冶炼吹炼收尘烟灰,无,火法炼铜（如双闪工艺及双底吹连续炼铜工艺等）熔炼、吹炼、精炼工段烟气各收尘设备产生的收尘烟灰,细粉末，无粗颗粒,固态,粉末状,白色,,,<2,,,,,,,,,,,,,,,,,,,,,,,,,,,,,,,2.84-13.57,1.88-6.04,,16.32-21.19,,,,,,,,,,,,,,,,,,,,,,,,,,,,,,,,,,,,,,,,,,,,,,,,,,,,,,,,,,,,,,,,,,,,,,,,,,,,,,,,,,,,,,,,,,18-22,,,,,,,36-40,19-33,9-13,,,,,,,,,,,,,99134.83-99138,5110.03-5114,51913.98-51917,,19386.08-19390,,,,,,59464.57-59468,5680.07-5684,,1197.86-1121,,,,,,,,,,,,,,,,,,,,,,,,,,,,,,,,,,,,,,,,,,,,,,,,,,,,,,,,,,,,,,,,,,,,,,,,,,,,,,,,,,,,,,,,,,,,,,,,,,,,,,,,,,,,,,,,,,,,,,,,,,,,,,,,,,,,,,,,,,,,,,,,,,,,,,,,,,,,,,,,,,,,,,,,,,,,
收尘灰,有色冶炼,铅火法冶炼还原炉收尘烟灰,无,火法炼铅（如富氧熔炼+直接还原工艺及富氧闪速熔炼工艺等）熔炼炉、还原炉、烟化炉工段烟气各收尘设备产生的收尘烟灰,细粉末，无粗颗粒,固态,粉末状,白色,,,<2,,,,,,,,,,,,,,,,,,,,,,,,,,,,8.6-12,,,,18.46-22,,54.81-58,,,,,,,,,,,,,,,,,,,,,,,,,,,,,,,,,,,,,,,,,,,,,,,,,,,,,,,,,,,,,,,,,,,,,,1-3,,,,36-40,6-10,,,,,,,,,,,,,,,45-47,,,,,,,,,,,,,,,,,,,,,,12695.2-12699,15123.38-15127,42696.4-41700,,10938.94-10942,,,,,,34794.97-34798,3361.91-3365,,787.15-791,,,,,,,,,,,,,,,,,,,,,,,,,,,,,,,,,,,,,,,,,,,,,,,,,,,,,,,,,,,,,,,,,,,,,,,,,,,,,,,,,,,,,,,,,,,,,,,,,,,,,,,,,,,,,,,,,,,,,,,,,,,,,,,,,,,,,,,,,,,,,,,,,,,,,,,,,,,,,,,,,,,,,,,,,,,,
收尘灰,有色冶炼,铅火法冶炼烟化炉收尘烟灰,无,火法炼铅（如富氧熔炼+直接还原工艺及富氧闪速熔炼工艺等）熔炼炉、还原炉、烟化炉工段烟气各收尘设备产生的收尘烟灰,细粉末，无粗颗粒,固态,粉末状,白色,,,<2,,,,,,,,,,,,,,,,,,,,,,,,,,,,4.5-8,,,,48-52,,10.5-14,,,,,,,,,,,,,,,,,,,,,,,,,,,,,,,,,,,,,,,,,,,,,,,,,,,,,,,,,,,,,,,,,,,,,,,,,,,,,89-93,,,,,,,,,,,,,2-6,,,,,,,,,,,,,,,,,,,,,,827.2-831,5055.6-5059,87135.62-87139,,451.4-455,,,,,,1414.17-1418,180.91-184,,47.35-51,,,,,,,,,,,,,,,,,,,,,,,,,,,,,,,,,,,,,,,,,,,,,,,,,,,,,,,,,,,,,,,,,,,,,,,,,,,,,,,,,,,,,,,,,,,,,,,,,,,,,,,,,,,,,,,,,,,,,,,,,,,,,,,,,,,,,,,,,,,,,,,,,,,,,,,,,,,,,,,,,,,,,,,,,,,,
收尘灰,有色冶炼,锌湿法冶炼原矿焙烧收尘烟灰,无,湿法炼锌（如常规湿法炼锌工艺等）沸腾焙烧工段烟气收尘设备产生的收尘烟灰,细粉末，无粗颗粒,固态,粉末状,黄色,,,<2,,,,,,,,,,,,,,,,,,,,,,,,,,,,,,,,,,,,,,,,,,,,,3.89-7,,,,,,,,,,,,,70.36-74,,,,,,,,,,,,,,,,,,,,,,,,,,,,,,,,,,,,,,,,,,,,,,,,,,63-67,,7-11,6-10,,,,,,,,,,,,,,,,,,,,,,,,,,,,,,,,,,,671.58-1007.37,54.03-81.04,35682.63-53523.96,,874.32-1311.49,,,,,,2775.99-4163.99,165.07-247.61,,51.47-77.21,,,,,,,,,,,,,,,,,,,,,,,,,,,,,,,,,,,,,,,,,,,,,,,,,,,,,,,,,,,,,,,,,,,,,,,,,,,,,,,,,,,,,,,,,,,,,,,,,,,,,,,,,,,,,,,,,,,,,,,,,,,,,,,,,,,,,,,,,,,,,,,,,,,,,,,,,,,,,,,,,,,,,,,,,,,,
收尘灰,有色冶炼,氧化铝生产铝土矿煅烧收尘烟灰,无,氧化铝生产（如拜耳法生产氧化铝工艺及碱石灰烧结法生产氧化铝工艺等）煅烧过程产生的收尘烟灰,细粉末，无粗颗粒,固态,粉末状,灰褐色,,,<2,,,,,,,,,,,,,,,,,,,,,,,,,,,,,,,,,,,,,,,,,,,52.87-56,2.57-5,10.24-14,,4.92-8,,,,3.53-5,,,,,,,,,,,,,,,,,,,,,,,,,,,,,,,,,,,,,,,,,,,,,,,,,,,,,,,,,,,,,10-12,15-19,6-9,,,,,,,,,,,,,,20-24,8-10,,,,,18-22,,,,,,,,,,,,80.15-84,17.18-21,438.24-442,,305.19-309,,,,,,963.17-967,89.87-93,,58.82-62,,,,,,,,,,,,,,,,,,,,,,,,,,,,,,,,,,,,,,,,,,,,,,,,,,,,,,,,,,,,,,,,,,,,,,,,,,,,,,,,,,,,,,,,,,,,,,,,,,,,,,,,,,,,,,,,,,,,,,,,,,,,,,,,,,,,,,,,,,,,,,,,,,,,,,,,,,,,,,,,,,,,,,,,,,,,
收尘灰,有色冶炼,铝电解熔铸炉收尘烟灰,无,铝电解生产工艺铸锭工段产生的熔铸炉收尘烟灰,细粉末，无粗颗粒,固态,粉末状,灰褐色,,,<2,,,,,,,,,,,,,,,,,,,,,,,,,,,,,,,,,,,,,,,,,,,3 62.11-64,4.19-8,6-10,1-3.24,,1-3.19,3-5.82,,,,,,,,,,,,,,,,,,,,,,,,,,,,,,,,,,,,,,,,,,,,,,,,,,,,,,,,,,,,,,,,12-16,11-13,,,,,,,,,,,,,,23-27,14-18,,,,,,,,,,,,,,,,,486.65-490,68.05-72 ,518.24-522 ,,392.99-396,,,,,,1850.16-1854,130.08-134,,949.23-953,,,,,,,,,,,,,,,,,,,,,,,,,,,,,,,,,,,,,,,,,,,,,,,,,,,,,,,,,,,,,,,,,,,,,,,,,,,,,,,,,,,,,,,,,,,,,,,,,,,,,,,,,,,,,,,,,,,,,,,,,,,,,,,,,,,,,,,,,,,,,,,,,,,,,,,,,,,,,,,,,,,,,,,,,,,,
收尘灰,有色冶炼,再生铝熔铸炉烟灰,无,再生铝冶炼工艺熔铸炉收尘烟灰工段烟气收尘设备产生的收尘烟灰,细粉末，无粗颗粒,固态,粉末状,黑色,,,<2,,,,,,,,,,,,,,,,,,,,,,,,,,,,,,,,,,,,,,,,,,,17.33-21,,,,,5.37-8,7.15-10,,,,,,,,,,,,,,,,,,,,,,,,7-10,,,,,,,,,,,,,,,,,,,,,,10-13,11-15,,,,,,,,,,,,,,,,,,,,23-27,,,,,,,,,,,,,,26-30,,,,,,,,,,,,,,,,2800-3200,380-420 ,5600-5800,,450-550,,,,,,1500-1600 ,120-130,,1000-1050,,,,,,,,,,,,,,,,,,,,,,,,,,,,,,,,,,,,,,,,,,,,,,,,,,,,,,,,,,,,,,,,,,,,,,,,,,,,,,,,,,,,,,,,,,,,,,,,,,,,,,,,,,,,,,,,,,,,,,,,,,,,,,,,,,,,,,,,,,,,,,,,,,,,,,,,,,,,,,,,,,,,,,,,,,,,
收尘灰,有色冶炼,再生铝冶炼精炼工序烟灰,无,再生铝冶炼生产工艺精炼工序烟气收尘设备产生的精炼烟灰,细粉末，无粗颗粒,固态,粉末状,黑色,,,<2,,,,,,,,,,,,,,,,,,,,,11-13.64,,,,,,,,,,,,,,,,,,,,,,5-7.2,,11-13.64,6.82-8,,,7.66-9,,4.58-6,,,,,,,,,,,,,,,,,,,,,,,,,,,,,,,,,,,,,,,,,,,,,,,,,,,,,,,,,,,,,,11-15,,17-21,,,,,,,,,,,,,9-13,,,,,,30-34,,,,,,,,,,,,5500-5900,650-750,35500-36000,,13000-14000,,,,,,43000-44000,4800-4900,,1550-1650 ,,,,,,,,,,,,,,,,,,,,,,,,,,,,,,,,,,,,,,,,,,,,,,,,,,,,,,,,,,,,,,,,,,,,,,,,,,,,,,,,,,,,,,,,,,,,,,,,,,,,,,,,,,,,,,,,,,,,,,,,,,,,,,,,,,,,,,,,,,,,,,,,,,,,,,,,,,,,,,,,,,,,,,,,,,,,
收尘灰,无机盐化工,氯化法生产钛白粉过程中产生的氯化收尘渣,无,氯化法生产钛白粉过程中，原料备料除尘器收尘灰、氯化工序收尘灰、氯化炉渣。,表面粗糙不规则熔融结构,固态,粉末状,灰白色,,,<5,,,,,,,,,,,,,,,,,,,,,,,,,,,,,,,,,,,,,,,,,,,,,,,,,,,,,,,,,,,,,,,,,,8.04-18.7,,1.14-6.99,,,16.93-36.87,2.01-6.88,,,,23.04-38.03,,,,,,,,,,,,,,,,,,,,,,,,,,,,,,,,,,,,,,,,,,,,,,,,,,,,,,,,,,,,,,,,,,,,,,122.334-124,20.668-22,784.115-786,,88.342-90,,,,,,,85.075-87,,,,,,,,,,,,,,,,,,,,,,,,,,,,,,,,,,,,,,,,,,,,,,,,,,,,,,,,,,,,,,,,,,,,,,,,,,,,,,,,,,,,,,,,,,,,,,,,,,,,,,,,,,,,,,,,,,,,,,,,,,,,,,,,,,,,,,,,,,,,,,,,,,,,,,,,,,,,,,,,,,,,,,,,,,,,,,
收尘灰,煤化工,煤气化炉飞灰,无,飞灰是由煤气化反应过程中，未反应物及其冷凝物聚集而成的不规则的细小颗粒物,炉顶飞灰结构比较稀松，部分区域甚至呈絮状,固态,粉末状,灰白色,,,<5,,,,,,,,,,,,,,,,,,,,,,,,,,,,,,,,,,,,,,,,,,,13.6-42.6,,,,,3.2-15.7,33-56.9,,2.7-19.9,,0.33-6,,,,,,,,,,,,,,,,,,,,,,,,,,,,,,,,,,,,,,,,,,,,,,,,,,,,,,,,,,,,,,,,,,,,,,,,,,,,,,,,,,,,,,,,,,,,,,8.1-15 ,,,,,,0.08-0.9,,,72-89,2-7.4,,,,,,,,,,,,,,,,,,,,,,,,,,,,,,,,,,,,,,,,,,,,,,,,,,,,,,,,,,,,,,,,,,,,,,,,,,,,,,,,,,,,,,,,,,,,,,,,,,,,,,,,,,,,,,,,,,,,,,,,,,,,,,,,,,,,,,,,,,,,,,,,,,,,,,,,,,,,,,,,,,,,,,,,,,,,,,
收尘灰,煤化工,干熄焦除尘灰,煤焦粉,,,固态,粉末状,灰白色,,,<5,,,,,,,,,,,,,,,,,,,,,,,,,,,,,,,,,,,,,,,,,,,,,,,,,,,,,,,,,,,,,,,,,,,,,,,,,,,,,,,,,,,,,,,,,,,,,,,,,,,,,,,,,,,,,,,,,,,,,,,,,,,,,,,,,,,,,,,,,,,,,,,,,,,,,,,,,,,,,,,,,,,,,,,,,,,,,,,,,,,,,,,,,,,,,,,,,,,,,,,,,,,,,,,,,,,,,,,,,,,,,,,,,,,,,,,,,,,,,,,,,,,,,,,,,,,,,,,,,,,,,,,,,,,,,,,,,,,,,,,,,,,,,,,,,,,,,,,,,,,,,,,,,,,,,,,,,,,,,,,,,,,,,,,,,,,
蒸发结晶,无机盐化工,硫酸法生产钛白粉冷冻结晶工段产生的七水硫酸亚铁渣,无,硫酸法生产钛白粉钛液冷冻结晶工段产生的废渣,晶体结构,固态,颗粒状,浅蓝绿色,有刺激性气味,,2-10,,,,,,,,,,,,,,,,,,,,,,,,,,,,,,,,,,,,,,,,,,,,,,,,,,,,,,,,,,,,,,,,,,,,,,,,,,,,,,,,,,,,,,,,,,,,,,,,,,,,,,,,,,,,,,,,,,,,,,,,,,,,,,,,,,,,,,,,,,,,,,,,,,,,,,,,,,,,,,,,,,,,,,,,,,,,,,,,,,,,,,,,,,,,,,,,,,,,,,,,,,,,,,,,,,,,,,,,,,,,,,,,,,,,,,,,,,,,,,,,,,,,,,,,,,,,,,,,,,,,,,,,,,,,,,,,,,,,,,,,,,,,,,,,,,,,,,,,,,,,,,,,,,,,,,,,,,,,,,,,,,,,,,,,,,,
蒸发结晶,无机盐化工,少钙焙烧生产重铬酸钠过程中碱液中和产生的少钙芒硝,无,少钙焙烧生产重铬酸钠过程中，碱性液中和后继续酸化过程中结晶析出的Na2SO4副产物，俗称含铬芒硝,晶体结构,固态,颗粒状,白色,有刺激性气味,,2-10,,,,,,,,,,,,,,,,,,,,,,,,,,,,,,,,,,,,,,,,,,,,,,,,,,,,,,,,,,,,,,,,,,,,,,,,,,,,,,,,,,,,,,,,,,,,,,,,,,,,,,,,,,,,,,,,,,,,,,,,,,,,,,,,,,,,,,,,,,,,,,,,,,,,,,,,,,,,,,,,,,,,,,,,,,,,,,,,,,,,,,,,,,,,,,,,,,,,,,,,,,,,,,,,,,,,,,,,,,,,,,,,,,,,,,,,,,,,,,,,,,,,,,,,,,,,,,,,,,,,,,,,,,,,,,,,,,,,,,,,,,,,,,,,,,,,,,,,,,,,,,,,,,,,,,,,,,,,,,,,,,,,,,,,,,,
蒸发结晶,无机盐化工,无钙焙烧生产重铬酸钠过程中碱液中和产生的无钙芒硝,无,无钙焙烧生产重铬酸钠过程中，碱性液中和后继续酸化过程中结晶析出的Na2SO4副产物，俗称含铬芒硝,晶体结构,固态,颗粒状,白色,有刺激性气味,,2-10,,,,,,,,,,,,,,,,,,,,,,,,,,,,,,,,,,,,,,,,,,,,,,,,,,,,,,,,,,,,,,,,,,,,,,,,,,,,,,,,,,,,,,,,,,,,,,,,,,,,,,,,,,,,,,,,,,,,,,,,,,,,,,,,,,,,,,,,,,,,,,,,,,,,,,,,,,,,,,,,,,,,,,,,,,,,,,,,,,,,,,,,,,,,,,,,,,,,,,,,,,,,,,,,,,,,,,,,,,,,,,,,,,,,,,,,,,,,,,,,,,,,,,,,,,,,,,,,,,,,,,,,,,,,,,,,,,,,,,,,,,,,,,,,,,,,,,,,,,,,,,,,,,,,,,,,,,,,,,,,,,,,,,,,,,,
蒸发结晶,农药,"2,4-D母液蒸发废盐",无,"2,4-D母液蒸发结晶过程产生的废盐",颗粒状、针状、棒状等规则形状的晶体,固态,颗粒状,白色、淡黄色,有刺激性气味,,2-10,,,,,35-86,,,,,,,,,,,,,,,,,,,,,,,,,,,,,,,,,,,,,,,,,,,,,,,,,,,,,,,,,,,,,,,,,,,,,,,,,,,,,,,,,,,,,,,,,,,,,,,,,,,,,,,,,,,,,,,,,,,,,,,,,,,,,,,,,,,,,,,,,,,,,,,,,,,,,,,,,,,,,,,,,,,,,,,,,,,,,,,,,,,,,,,,,,,,,,,,,,,,,,,,,,,,,,,,0.1-100,,,,,,,,,,,,,,0.1-65,,,,,,0.1-100,,,,,,,,,,,,,,,,,,,,,,,,,,,,,,0.1-200,,,,,,,,,,,,,,,,,,,,,,,,,,,,,,,,,,,,,,,,,,,,,,,,,,,,,,,,,,,,,,,,,,,,
蒸发结晶,农药,2甲4氯酸母液蒸发废盐,无,2甲4氯酸母液蒸发结晶过程产生的废盐,晶体,固态,颗粒状,白色、淡黄色,有刺激性气味,,2-10,,,,,35-86,,,,,,,,,,,,,,,,,,,,,,,,,,,,,,,,,,,,,,,,,,,,,,,,,,,,,,,,,,,,,,,,,,,,,,,,,,,,,,,,,,,,,,,,,,,,,,,,,,,,,,,,,,,,,,,,,,,,,,,,,,,,,,,,,,,,,,,,,,,,,,,,,,,,,,,,,,,,,,,,,,,,,,,,,,,,,,,,,,,,,,,,,,,,,,,,,,,,,,,,,,,,,,,,,,,,,0.1-153,,,,,,,,,,,,,,,0.1-100,,0.1-100,,,,,,,,,,,,,,,,,,,,,,,,,,,,,,,,,,,,,,,,,,,,,,,,,,,,,,,,,,,,,,,,,,,,,,,,,,,,,,,,,,,,,,,,,,,,,,,,
蒸发结晶,农药,百草枯母液蒸发废盐,无,百草枯母液蒸发结晶过程产生的废盐,晶体,固态,颗粒状,白色、淡黄色,有刺激性气味,,2-10,,,,,35-86,,,,,,,,,,,,,,,,,,,,,,,,,,,,,,,,,,,,,,,,,,,,,,,,,,,,,,,,,,,,,,,,,,,,,,,,,,,,,,,,,,,,,,,,,,,,,,,,,,,,,,,,,,,,,,,,,,,,,,,,,,,,,,,,,,,,,,,,,,,,,,,,,,,,,,,,,,,,,,,,,,,,,,,,,,,,,,,,,,,,,,,,,,,,,,,,,,,,,,,,,,,,,,,,,,,,,,,,,,,,,,,,,,,,,,,,,,,,,0.1-100,0.1-100,,,,,,,,,,,,,,,,,,,,,,,,,,,,,,,,,,,0.1-100,,,,,,,,,,,,,,,,,,,,,,,,,,,,,,,,,,,,,,,,,,,,,,,,,,,,,
蒸发结晶,农药,苯磺隆母液蒸发废盐,无,苯磺隆母液蒸发结晶过程产生的废盐,晶体,固态,颗粒状,白色、淡黄色,有刺激性气味,,2-10,,,,,35-86,,,,,,,,,,,,,,,,,,,,,,,,,,,,,,,,,,,,,,,,,,,,,,,,,,,,,,,,,,,,,,,,,,,,,,,,,,,,,,,,,,,,,,,,,,,,,,,,,,,,,,,,,,,,,,,,,,,,,,,,,,,,,,,,,,,,,,,,,,,,,,,,,,,,,,,,,,,,,,,,,,,,,,,,,,,,,,,,,,,,,,,,,,,,,,,,,,,,,,,,,,,,,,,,,,0.1-100,,,,,,,,,,,,,,,,,,,,,,,,,,,,,,,,,,,,,,,,,,,,,,,,,,,,,,,,,,,,,,,,0.1-100,,,,,,,,,,,,,,,,,,,,,,,,,,,,,,,,,,,,,,,,,,,,,,,,,,,,
蒸发结晶,农药,吡虫啉母液蒸发废盐,无,吡虫啉母液蒸发结晶过程产生的废盐,晶体,固态,颗粒状,白色、淡黄色,有刺激性气味,,2-10,,,,,35-86,,,,,,,,,,,,,,,,,,,,,,,,,,,,,,,,,,,,,,,,,,,,,,,,,,,,,,,,,,,,,,,,,,,,,,,,,,,,,,,,,,,,,,,,,,,,,,,,,,,,,,,,,,,,,,,,,,,,,,,,,,,,,,,,,,,,,,,,,,,,,,,,,,,,,,,,,,,,,,,,,,,,,,,,,,,,,,,,,,,,,,,,1-100,,,,,,,,,,,,,,,,,,,,,,,,,,,,,,,,,,,,,,,,,,,,,,,,,,,,,,,0.1-100,,,,,,,,,,,,,,,,,,,,,,,,,,,,,,,,,,,,0.1-100,0.1-100,,,,,,,,,,,,,,,,,,,,,,,,,,,,,,,,,,,,,,,,,,,,,,,,,,
蒸发结晶,农药,苄嘧磺隆母液蒸发废盐,无,苄嘧磺隆母液蒸发结晶过程产生的废盐,晶体,固态,颗粒状,白色、淡黄色,有刺激性气味,,2-10,,,,,35-86,,,,,,,,,,,,,,,,,,,,,,,,,,,,,,,,,,,,,,,,,,,,,,,,,,,,,,,,,,,,,,,,,,,,,,,,,,,,,,,,,,,,,,,,,,,,,,,,,,,,,,,,,,,,,,,,,,,,,,,,,,,,,,,,,,,,,,,,,,,,,,,,,,,,,,,,,,,,,,,,,,,,,,,,,,,,,,,,,,,,,,,,,0.1-100,,,,,,0.1-100,,,,,,,,,,,,,,,,,,,,,,,,,,,,,,,,,,,,,,,,,,,,,,,,,,,,,,,,,,,,,,,,,,,,,,,,,,,,,,,,,,,,,,,,,,,,,,,,,,,,,,,,,,,,,,,,,,,,,,,,,,,,,,,,,,,,,,,
蒸发结晶,农药,丙环唑母液蒸发废盐,无,丙环唑母液蒸发结晶过程产生的废盐,晶体,固态,颗粒状,白色、淡黄色,有刺激性气味,,2-10,,,,,35-86,,,,,,,,,,,,,,,,,,,,,,,,,,,,,,,,,,,,,,,,,,,,,,,,,,,,,,,,,,,,,,,,,,,,,,,,,,,,,,,,,,,,,,,,,,,,,,,,,,,,,,,,,,,,,,,,,,,,,,,,,,,,,,,,,,,,,,,,,,,,,,,,,,,,,,,,,,,,,,,,,,,,,,,,,,,,,,,,,,,,,,,,,,,,,,,,,,,,,,,,,,,,,,,,,,,,,,,,,,,,,,,,,,,,,,,,,,,,,,,,,,,,,,,,,,,,,,,,,,,,,,,,,,,,,,,,,,,,,0.1-100,,,,,,,,,,,,,,,,,,,,,,,,,,,,,,,,,,,,,,,,,,,,,,,,,
蒸发结晶,农药,丙溴磷母液蒸发废盐,无,丙溴磷母液蒸发结晶过程产生的废盐,晶体,固态,颗粒状,白色、淡黄色,有刺激性气味,,2-10,,,,,35-86,,,,,,,,,,,,,,,,,,,,,,,,,,,,,,,,,,,,,,,,,,,,,,,,,,,,,,,,,,,,,,,,,,,,,,,,,,,,,,,,,,,,,,,,,,,,,,,,,,,,,,,,,,,,,,,,,,,,,,,,,,,,,,,,,,,,,,,,,,,,,,,,,,,,,,,,,,,,,,,,,,,,,,,,,,,,,,,,,,,,,,,,,,,,,,,,,,,,,,,,,,,,,,,,,,,,,,,,,,,,,,,,,,,,,,,,,,,,,,,,,,,,,,,,,,,,,,,,,,,,,,,,,,,,,,,,,,,,,,,,,,,,0.1-100,0.1-100,0.1-100,,,,,,,,,,,,,,,,,,,,,,,,,,,,,,,,,,,,,,,,
蒸发结晶,农药,草甘膦母液蒸发废盐,无,草甘膦母液蒸发结晶过程产生的废盐,晶体,固态,颗粒状,白色、淡黄色,有刺激性气味,,2-10,,,,,35-86,,,,,,,,,,,,,,,,,,,,,,,,,,,,,,,,,,,,,,,,,,,,,,,,,,,,,,,,,,,,,12-18,,,,,,,,,,,,,,,,,,,,,,,,,,,,,,,,,,,,,,,,,,,,,,,,,,,,,,,,,,,,,,,,,,,,,,,,,,,,,,,,,,,,,,,,,,,,,,,,,,,,,,,,,,,,,,,,,,,,,,,,,,,,,,,,,,,,,,,,,,,,,,,,,,,,,,,,,,,,,,,,,,,1-4,,1.3-1.8,,,,,,,,,,,,,,,,,,,,,,,,,,,,,,,,,0.7-1.5,2-4,0.02-0.78,,,,,,,,,,,,,,,,,,,,,,,,,,,,,,,,,,,,,,,,,,,,,,,,,,,,,,,,,,,,,,,,,
蒸发结晶,农药,代森锰锌母液蒸发废盐,无,代森锰锌母液蒸发结晶过程产生的废盐,晶体,固态,颗粒状,白色、淡黄色,有刺激性气味,,2-10,,,,,35-86,,,,,,,,,,,,,,,,,,,,,,,,,,,,,,,,,,,,,,,,,,,,,,,,,,,,,,,,,,,,,,,,,,,,,,,,,,,,,,,,,,,,,,,,,,,,,,,,,,,,,,,,,,,,,,,,,,,,,,,,,,,,,,,,,,,,,,,,,,,,,,,,,,,,,,,,,,,,,,,,,,,,,,,,,,,,,,,,,,,,,,,,,,,,,,,,,,,,,,,,,,,,,,,,,,,,,,,,,,,,,,,,,,,,,,,,,,,,,,,,,,,,,,,,,,,0.1-10,,,,,,,,,,,,,,,,,,,,,,,,,,,0.1-20,,,,,,,,,,,,,,,,,,,,,,,,,,,,,,,,,,,,,,,,,,,,,,,,
蒸发结晶,农药,敌百虫母液蒸发废盐,无,敌百虫母液蒸发结晶过程产生的废盐,晶体,固态,颗粒状,白色、淡黄色,有刺激性气味,,2-10,,,,,35-86,,,,,,,,,,,,,,,,,,,,,,,,,,,,,,,,,,,,,,,,,,,,,,,,,,,,,,,,,,,,,,,,,,,,,,,,,,,,,,,,,,,,,,,,,,,,,,,,,,,,,,,,,,,,,,,,,,,,,,,,,,,,,,,,,,,,,,,,,,,,,,,,,,,,,,,,,,,,,,,,,,,,,,,,,,,,,,,,,,,,,,,,,,,,,,,,,,,,,,,,,,,,,,,,,,,,,,,,,,,,,,,,,,,,,,,,,,,,,,,,,,,,,,,,,,,,,,,,,,,,,,,,,,,,,,,,,,,,,,,0.1-100,,,,,,,,,,,,,,,,,,,,,,,,,,,,,,,,,,,,,,,,,,,,,,,
蒸发结晶,农药,丁草胺母液蒸发废盐,无,丁草胺母液蒸发结晶过程产生的废盐,晶体,固态,颗粒状,白色、淡黄色,有刺激性气味,,2-10,,,,,35-86,,,,,,,,,,,,,,,,,,,,,,,,,,,,,,,,,,,,,,,,,,,,,,,,,,,,,,,,,,,,,,,,,,,,,,,,,,,,,,,,,,,,,,,,,,,,,,,,,,,,,,,,,,,,,,,,,,,,,,,,,,,,,,,,,,,,,,,,,,,,,,,,,,,,,,,,,,,,,,,,,,,,,,,,,,,,,,,,,,,,,,,,,,0.1-100,,,,,,,,,,,,,,,,,,,,,,,,,,,,,,,,,,,,,,,,,,,,,,,,,,,,,,,,,,,,,,,,,,,0.1-100,0.1-100,0.1-100,,,,,,,,,,,,,,,,,,,,,,,,,,,,,,,,,,,,,,,,,,,,,,,,,,,,,,,,,,,,,,,,,,,,,,,
蒸发结晶,农药,啶虫脒母液蒸发废盐,无,啶虫脒母液蒸发结晶过程产生的废盐,晶体,固态,颗粒状,白色、淡黄色,有刺激性气味,,2-10,,,,,35-86,,,,,,,,,,,,,,,,,,,,,,,,,,,,,,,,,,,,,,,,,,,,,,,,,,,,,,,,,,,,,,,,,,,,,,,,,,,,,,,,,,,,,,,,,,,,,,,,,,,,,,,,,,,,,,,,,,,,,,,,,,,,,,,,,,,,,,,,,,,,,,,,,,,,,,,,,,,,,,,,,,,,,,,,,,,,,,,,,,,,,,,,,,,0.1-100,,,,,,,,,,,,,,,,,,,,,,,,,,,,,,,,,,,,,,,,,,,,,,,,,,,,,,,,,,,,,,,,,,,,,,,,,,,,,,,,,,,,,,,,,,,,,0.1-100,,,,,,,,,,,,,,,,,,,,,,,,,,,,,,,,,,,,,,,,,,,,,,
蒸发结晶,农药,毒死蜱母液蒸发废盐,无,毒死蜱母液蒸发结晶过程产生的废盐,晶体,固态,颗粒状,白色、淡黄色,有刺激性气味,,2-10,,,,,35-86,,,,,,,,,,,,,,,,,,,,,,,,,,,,,,,,,,,,,,,,,,,,,,,,,,,,,,,,,,,,,7-10,,,,,,,,,,,,,,,,,,,,,,,,,,,,,,,,,,,,,,,,,,,,,,,,,,,,,,,,,,,,,,,,,,,,,,,,,,,,,,,,,,,,,,,,,,,,,,,,,,,,,,,,,,,,,,,,,,,,,,,,,,,,,,,,,,,,,,,,,,,,,,,,,,,,,,,,,,,,,,,,,,,,,,,,,,,,,,,,,,,0.1-100,0.1-100,,,,,,,,,,,,,,,,,,,,,,,,,,0.1-100,,,,,,,,,,,,,,,,,,,,,,,,,,,,,,,,,,,,,,,,,,,,,,,,,,,,,,,,,,,
蒸发结晶,农药,多菌灵母液蒸发废盐,无,多菌灵母液蒸发结晶过程产生的废盐,晶体,固态,颗粒状,白色、淡黄色,有刺激性气味,,2-10,,,,,35-86,,,,,,,,,,,,,,,,,,,,,,,,,,,,,,,,,,,,,,,,,,,,,,,,,,,,,,,,,,,,,,,,,,,,,,,,,,,,,,,,,,,,,,,,,,,,,,,,,,,,,,,,,,,,,,,,,,,,,,,,,,,,,,,,,,,,,,,,,,,,,,,,,,,,,,,,,,,,,,,,,,,,,,,,,,,,,,,,,,,,,,,,,,,,,0.1-100,,,,,,,,,,,,,,,,,,,,,,,,,,,,,,,,,,,,,,,,,,,,,,,,,,,,,,1-38,,,,,,,,,,,,,,,,,,,,,,,,,0.1-100,,,,,,,,,,,,,,,,,,,,,,,,,,,,,,,,,,,,,,,,,,,,,,,,,,,,,,,,,,
蒸发结晶,农药,氟乐灵母液蒸发废盐,无,氟乐灵母液蒸发结晶过程产生的废盐,晶体,固态,颗粒状,白色、淡黄色,有刺激性气味,,2-10,,,,,35-86,,,,,,,,,,,,,,,,,,,,,,,,,,,,,,,,,,,,,,,,,,,,,,,,,,,,,,,,,,,,,,,,,,,,,,,,,,,,,,,,,,,,,,,,,,,,,,,,,,,,,,,,,,,,,,,,,,,,,,,,,,,,,,,,,,,,,,,,,,,,,,,,,,,,,,,,,,,,,,,,,,,,,,,,,,,,,,,,,,,,,,,,,,,,,,,,,,,,,,,,,,,,,,,,,,,,,,,,,,,,,,,,,,,,,,,,,,,,,,,,,,,,,,,,,,,,,,,,,,,,,,,,,,,,,0.1-100,,,,,,,,,,,,,,,,,,0.1-100,,,,,,,,,,,,,,,,,,,,,,,,,,,,,,,,,,,,,,,
蒸发结晶,农药,高效氯氟氰菊酯母液蒸发废盐,无,高效氯氟氰菊酯母液蒸发结晶过程产生的废盐,晶体,固态,颗粒状,白色、淡黄色,有刺激性气味,,2-10,,,,,35-86,,,,,,,,,,,,,,,,,,,,,,,,,,,,,,,,,,,,,,,,,,,,,,,,,,,,,,,,,,,,,,,,,,,,,,,,,,,,,,,,,,,,,,,,,,,,,,,,,,,,,,,,,,,,,,,,,,,,,,,,,,,,,,,,,,,,,,,,,,,,,,,,,,,,,,,,,,,,,,,,,,,,,,,,,,,,,,,,,,,,,,,,,,,,,,,,,,,,,,,,,,,,,,,,,,,,,,,,,,,,,,,,,0.1-100,,,,,,,,,,,,,,,,,,,,,,,,,,,,,,,,,,,,,,,,,,,,,,,,,,,,,,,,,,,,,,,0.1-100,0.1-100,,,,,,,,,,,,,,,,,,,,,,,,,,,,,,,,,,,,,
蒸发结晶,农药,高效氯氰菊酯母液蒸发废盐,无,高效氯氰菊酯母液蒸发结晶过程产生的废盐,晶体,固态,颗粒状,白色、淡黄色,有刺激性气味,,2-10,,,,,35-86,,,,,,,,,,,,,,,,,,,,,,,,,,,,,,,,,,,,,,,,,,,,,,,,,,,,,,,,,,,,,,,,,,,,,,,,,,,,,,,,,,,,,,,,,,,,,,,,,,,,,,,,,,,,,,,,,,,,,,,,,,,,,,,,,,,,,,,,,,,,,,,,,,,,,,,,,,,,,,,,,,,,,,,,,,,,,,,,,,,,,,,,,,,,,,,,,,,,,,,,,,,,,,,,,,,,,,,,,0.1-100,,,,,,,,0.1-100,,,,,,,,,,,,,,,,,,,,,,,,,,,,,,,,,,,,,,,,,,,,,,,,,,,,,,,,,,,,,,,,,0.1-100,,,,,,,,,,,,,,,,,,,,,,,,,,,,,,,,,,,,
蒸发结晶,农药,麦草畏母液蒸发废盐,无,麦草畏母液蒸发结晶过程产生的废盐,晶体,固态,颗粒状,白色、淡黄色,有刺激性气味,,2-10,,,,,35-86,,,,,,,,,,,,,,,,,,,,,,,,,,,,,,,,,,,,,,,,,,,,,,,,,,,,,,,,,,,,,,,,,,,,,,,,,,,,,,,,,,,,,,,,,,,,,,,,,,,,,,,,,,,,,,,,,,,,,,,,,,,,,,,,,,,,,,,,,,,,,,,,,,,,,,,,,,,,,,,,,,,,,,,,,,,,,,,,,,,,,,,,,,,,,,,,,,,,,,,,,,,,,,,,,,,,,,,,,,,,,,0.1-100,0.1-100,,,,,,,,,,,,,,,,,,,,,,,,,,,,,,,,,,0.1-100,,,,,,,,,,,,,,,,,,,,,,,,0.1-100,,,,,,,,,,,,,,,,,,,,,,,,,,,,,,,,,,,,,,,,,,,,,
蒸发结晶,农药,三环唑母液蒸发废盐,无,三环唑母液蒸发结晶过程产生的废盐,晶体,固态,颗粒状,白色、淡黄色,有刺激性气味,,2-10,,,,,35-86,,,,,,,,,,,,,,,,,,,,,,,,,,,,,,,,,,,,,,,,,,,,,,,,,,,,,,,,,,,,,,,,,,,,,,,,,,,,,,,,,,,,,,,,,,,,,,,,,,,,,,,,,,,,,,,,,,,,,,,,,,,,,,,,,,,,,,,,,,,,,,,,,,,,,,,,,,,,,,,,,,,,,,,,,,,,,,,,,,,,,,,,,,,,,,,,,,,,,,,,,,,,,,,,,,,,,,,,,,,,,,,,,,,,,,,,,,,,,,,,,,,,,,,,,,,,0.1-100 ,,,,,,,,,,,,,,,,,,,,,,,,,,,,,,,,,,,,,,,0.1-100,,,,,,,,,,,,,,,,,,,,,,,,,,,,,,,,,,,
蒸发结晶,农药,三唑磷母液蒸发废盐,无,三唑磷母液蒸发结晶过程产生的废盐,晶体,固态,颗粒状,白色、淡黄色,有刺激性气味,,2-10,,,,,35-86,,,,,,,,,,,,,,,,,,,,,,,,,,,,,,,,,,,,,,,,,,,,,,,,,,,,,,,,,,,,,1-3,,,,,,,1-4,,,,,,,,,,,,,,,,,,,,,,,,,,,,,,,,,,,,,,,,,,,,,,,,,,,,,,,,,,,,,,,,,,,,,,,,,,,,,,,,,,,,,,,,,,,,,,,,,,,,,,,,,,,,,,,,,,,,,,,,,,,,,,,,,,,,,,,,,,,,1-100,,,,,,,,,,,,,,,,,,0.1-100,,,,,,,,,,,,,,,0.1-100,,,0.1-100,0.1-100,0.1-100,,,,,,,,,,,,,,,,,0.1-100,,,,,,,,,,,,,,,,,,,,,,,,,,,,,0.1-100,,,,,,,,,,,,,,,,,,,,,,,,,,,,,,,,,,
蒸发结晶,农药,杀虫单母液蒸发废盐,无,杀虫单母液蒸发结晶过程产生的废盐,晶体,固态,颗粒状,白色、淡黄色,有刺激性气味,,2-10,,,,,35-86,,,,,,,,,,,,,,,,,,,,,,,,,,,,,,,,,,,,,,,,,,,,,,,,,,,,,,,,,,,,,18-22,,,,,,,,,,,,,,,,,,,,,,,,,,,,,,,,,,,,,,,,,,,,,,,,,,,,,,,,,,,,,,,,,,,,,,,,,,,,,,,,,,,,,,,,,,,,,,,,,,,,,,,,,,,,,,,,,,,,,,,,,,,,,,,,,,,,,,,,,,,,,,,,,,,,,,,,,,,,,,,,,,,,,,,,,,,,,,,,,,,,,,,,,,0.1-100,,,,,,,,,,,,,,,,,,,,,,,,,,,,,,,,,,,0.1-100,,,,,,,,,,,,,,,,,,,,,,,,,,,,,,,,,,,,,,,,,,,,
蒸发结晶,农药,戊唑醇母液蒸发废盐,无,戊唑醇母液蒸发结晶过程产生的废盐,晶体,固态,颗粒状,白色、淡黄色,有刺激性气味,,2-10,,,,,35-86,,,,,,,,,,,,,,,,,,,,,,,,,,,,,,,,,,,,,,,,,,,,,,,,,,,,,,,,,,,,,,,,,,,,,,,,,,,,,,,,,,,,,,,,,,,,,,,,,,,,,,,,,,,,,,,,,,,,,,,,,,,,,,,,,,,,,,,,,,,,,,,,,,,,,,,,,,,,,,,,,,,,,,,,,,,,,,,,,,,,,,,,,,,,,,,,,,,,,,,,,,,,,,,,,,,,,,,,,,,,,,,,,,,,,,,,,,,,,,,,,,,,,,,,,,,,,,,,,,,,,,,,,,,,,,,,,,,,,,,,,,,,,,,,,,,,,0.1-100,0.1-100,0.1-100,,,,,,,,,,,,,,,,,,,,,,,,,,,,,,,
蒸发结晶,农药,西玛津母液蒸发废盐,无,西玛津母液蒸发结晶过程产生的废盐,晶体,固态,颗粒状,白色、淡黄色,有刺激性气味,,2-10,,,,,35-86,,,,,,,,,,,,,,,,,,,,,,,,,,,,,,,,,,,,,,,,,,,,,,,,,,,,,,,,,,,,,30-60,,,,,,,,,,,,,,,,,,,,,,,,,,,,,,,,,,,,,,,,,,,,,,,,,,,,,,,,,,,,,,,,,,,,,,,,,,,,,,,,,,,,,,,,,,,,,,,,,,,,,,,,,,,,,,,,,,,,,,,,,,,,,,,,,,,,,,,,,,,,,,,,,,,1-100,,,,,,,,,,,,,,,,,,,,,,,,,,,,,,,,,,,,,,,,,,,,,,,,,,,,,,0.1-100,,,,,,,,,,,,,,,,,,,,,,,,,,,,,,,,,,,,,,,,,,,,,,,,,,,,,,,,,,,,,,,,
蒸发结晶,农药,辛硫磷母液蒸发废盐,无,辛硫磷母液蒸发结晶过程产生的废盐,晶体,固态,颗粒状,白色、淡黄色,有刺激性气味,,2-10,,,,,35-86,,,,,,,,,,,,,,,,,,,,,,,,,,,,,,,,,,,,,,,,,,,,,,,,,,,,,,,,,,,,,,,,,,,,,,,,,,,,,,,,,0.1-100,,,,,,,,,,,,,,,,,,,,,,,,,,,,,,,,,,,,,,,,,,,,,,,,,,,,,,,,,,,,,,,,,,,,,,,,,,,,,,,,,,,,,,,,,,,,,,,,,,,,,,,,,,,,,,,,,,,,,,,,,,,,,,,,,,,,,,,,,,,,,,,,,,,,,,,,,,,,,,,,,,,,,,,,,,,,,,,,,,,,,,,,,,,,,,,,,,,,,,,,,,,,,,,,,,,,,,,0.1-100,0.1-100,0.1-100,,,,,,,,,,,,,,,,,,,,,,,,,,,,
蒸发结晶,农药,烟嘧磺隆母液蒸发废盐,无,烟嘧磺隆母液蒸发结晶过程产生的废盐,晶体,固态,颗粒状,白色、淡黄色,有刺激性气味,,2-10,,,,,35-86,,,,,,,,,,,,,,,,,,,,,,,,,,,,,,,,,,,,,,,,,,,,,,,,,,,,,,,,,,,,,10-20,,,,,,,,,,,,,,,,,,,,,,,,,,,,,,,,,,,,,,,,,,,,,,,,,,,,,,,,,,,,,,,,,,,,,,,,,,,,,,,,,,,,,,,,,,,,,,,,,,,,,,,,,,,,,,,,,,,,,,,,,,,,,,,,,,,,,,,,,,,,,,,,,,,,,,,,,,,,,,,,,,,,,,,,,,,,,,,,,,,,,,,,,,,,,,,,,,,,,,,,,,,,,,,,,,,,,,,,,,,,,,,,,,,,,,,,,,,,,,0.1-100,1-100,,,,,,,,,,,,,,,,,,,,,,,,,,
蒸发结晶,农药,乙草胺母液蒸发废盐,无,乙草胺母液蒸发结晶过程产生的废盐,晶体,固态,颗粒状,白色、淡黄色,有刺激性气味,,2-10,,,,,35-86,,,,,,,,,,,,,,,,,,,,,,,,,,,,,,,,,,,,,,,,,,,,,,,,,,,,,,,,,,,,,,,,,,,,,,,,,,,,,,,,,,,,,,,,,,,,,,,,,,,,,,,,,,,,,,,,,,,,,,,,,,,,,,,,,,,,,,,,,,,,,,,,,,,,,,,,,,,,,,,,,,,,,,,,,,,,,,,,,,,,,,,,,,,,0.1-100,,,,,,,,,,,,,,,,,,,,,,,,,,,,,,,,,,,,,,,,,,,,,,,,,,,,,,,,,,,,,,,,,0.1-100,0.1-100,,,,,,,,,,,,,,,,,,,,,,,,,,,,,0.1-100,,,,,,,,,,,,,,,,,,,,,,,,,,,,,,,,,,,,,,,,,,,
蒸发结晶,农药,乙酰甲胺磷母液蒸发废盐,无,乙酰甲胺磷母液蒸发结晶过程产生的废盐,晶体,固态,颗粒状,白色、淡黄色,有刺激性气味,,2-10,,,,,35-86,,,,,,,,,,,,,,,,,,,,,,,,,,,,,,,,,,,,,,,,,,,,,,,,,,,,,,,,,,,,,,,,,,,,,,,,,,,,,,,,,,,,,,,,,,,,,,,,,,,,,,,,,,,,,,,,,,,,,,,,,,,,,,,,,,,,,,,,,,,,,,,,,,,,,,,,,,,,,,,,,,,,,,,,,,,,,,,,,,,,,,,,,,,,,,,,,,,,,,,,,,,,,,,,,,,,,,,,,,,,,,,,,,,,,,,,,,,,,,,,,,,,,,,,,,,,,,,,,,,,,,,,,,,,,,,,,,,,,,,,,,,,,,,,,,,,,,,,,,,,,0.1-100,0.1-100,,,,,,,,,,,,,,,,,,,,,,,,
蒸发结晶,农药,异丙甲草胺母液蒸发废盐,无,异丙甲草胺母液蒸发结晶过程产生的废盐,晶体,固态,颗粒状,白色、淡黄色,有刺激性气味,,2-10,,,,,35-86,,,,,,,,,,,,,,,,,,,,,,,,,,,,,,,,,,,,,,,,,,,,,,,,,,,,,,,,,,,,,3-9,,,,,,,,,,,,,,,,,,,,,,,,,,,,,,,,,,,,,,,,,,,,,,,,,,,,,,,,,,,,,,,,,,,,,,,,,,,,,,,,,,,,,,,,,,,,,,,,,,,,,,,,,,,,,,,,,,,,,,,,,,,,,,,,,,,,,,,,,,,,,,,,,,,0.1-100,,,,,,,,,,,,,,,,,,,,,,,,,,,,,,,,,,0.1-100,,,,,,,,0.1-100,,,,,,,,,,,,,,,,,,,,,,,,,,,,,,,,,,,,,,,,,,,,,,,,,,,,,,,,,,,,,,,,,,,,,,,,,,,,
蒸发结晶,农药,莠灭净母液蒸发废盐,无,莠灭净母液蒸发结晶过程产生的废盐,晶体,固态,颗粒状,白色、淡黄色,有刺激性气味,,2-10,,,,,35-86,,,,,,,,,,,,,,,,,,,,,,,,,,,,,,,,,,,,,,,,,,,,,,,,,,,,,,,,,,,,,3-13,,,,,,,,,,,,,,,,,,,,,,,,,,,,,,,,,,,,,,,,,,,,,,,,,,,,,,,,,,,,,,,,,,,,,,,,,,,,,,,,,,,,,,,,,,,,,,,,,,,,,,,,,,,,,,,,,,,,,,,,,,,,,,,,,,,,,,,,,,,,,,,,,,,1-100,,,,,,,,,,,,,,,,,,,,,,,,,,,,,,,,,,,,,,,,,,,,,,,,,,,,,,,,,,,,,,,,1-58.6 ,,,,,,,,,,,,,,,,,,,,,,,,,,,,,,,,,,,,,,,,,,,,,,,,,,,,,,
蒸发结晶,农药,2-氯-18-氯甲基吡啶（CCMP）母液蒸发废盐,无,2-氯-18-氯甲基吡啶（CCMP）母液蒸发结晶过程产生的废盐,晶体,固态,颗粒状,白色、淡黄色,有刺激性气味,,2-10,,,,,35-86,,,,,,,,,,,,,,,,,,,,,,,,,,,,,,,,,,,,,,,,,,,,,,,,,,,,,,,,,,,,,,,,,,,,,,,,,,,,,,,,,,,,,,,,,,,,,,,,,,,,,,,,,,,,,,,,,,,,,,,,,,,,,,,,,,,,,,,,,,,,,,,,,,,,,,,,,,,,,,,,,,,,,,,,,,,,,,,,,,,,,,,,,,,,,,,,,,,,,,,,,,,,,,,,0.1-100,,,,,,,,,,,,,,,,,,,,,,,,,,,,,,,,,,,,,,,,,,,,,,,,,,,,,,,,,,,,,,,,,,,,,,,,,,,,,,,,,,,,,,,,,,,,,,,0.1-100,0.1-100,0.1-100,,,,,,,,,,,,,,,,,,,,,
废水处理污泥,有色冶炼,铜火法冶炼烟气净化酸泥,铅滤饼,火法炼铜烟气洗涤和沉降，由制酸系统中对圆锥沉降槽的底流进行固-液分离产生,颗粒极细，易团聚,固态、半固态,泥状,黑色,,,25-31,,,,,,,,,,,,,,0.15-0.36,,,,,,7.2-9.20,0.22-0.54,,,,,,,,,,0.23-0.3,,0.34-0.87,57.7-66.23,,,,,,,0.44-1.31,,,,,,,,,,,,,,,,,,,,,,,,,,,,,,,,,,,,,,,,,,,,,,,,,,,,,,,,,,,,,,,,,,,,,,,,,,,,,,,,,,,70-80,,,,,,,,,,,,,,,,,,,,,,6140.8-6344.8,936.86-940.86,23138.12-23142,,13590-13594.16,,,,,,41977-41979.7,7776-7780,,1962-1966.5,,,,,,,,,,,,,,,,,,,,,,,,,,,,,,,,,,,,,,,,,,,,,,,,,,,,,,,,,,,,,,,,,,,,,,,,,,,,,,,,,,,,,,,,,,,,,,,,,,,,,,,,,,,,,,,,,,,,,,,,,,,,,,,,,,,,,,,,,,,,,,,,,,,,,,,,,,,,,,,,,,,,,,,,,,,,
废水处理污泥,有色冶炼,铜火法冶炼烟气净化铜砷渣,铜渣,铜火法冶炼烟气净化产生的污酸处理过程产生的砷渣,颗粒致密,固态、半固态,泥状,棕红色,,,30-60,,,,,,,,,,,,,,,,,,,,45-48.08,,,,,,,,,,,0.186-0.6,0.147-0.3,29.1-33,0.466-0.8,,,,,,,,,,,,,,,,,,,,,,,,,,,,,,,,,,,,,,,,,,,,,,,,,,,,,,,,,,,,,,,,,,,,,,,,,,,,,,,,,,,,,,,,,,96-100,,,,,,,,,,,,,,,,,,,,,,4031.03-65976.68,427.97-1587.15,13239.29-73538.4,,14469.8-32907.2,,,,,,45848-55378,2969.1-6674.9,,882-10117.97,,,,,,,,,,,,,,,,,,,,,,,,,,,,,,,,,,,,,,,,,,,,,,,,,,,,,,,,,,,,,,,,,,,,,,,,,,,,,,,,,,,,,,,,,,,,,,,,,,,,,,,,,,,,,,,,,,,,,,,,,,,,,,,,,,,,,,,,,,,,,,,,,,,,,,,,,,,,,,,,,,,,,,,,,,,,
废水处理污泥,有色冶炼,铜火法冶炼污酸处理石膏渣,无,火法炼铜污酸处理工段产生的石膏。硫化砷渣滤液与石灰乳进行中和反应，离心滤渣为石膏渣,颗粒细腻泥状物质,固态、半固态,泥状,灰色,,,20-30,,,,,,,,,,,,,,,,,,,,,,,,,,,,,,,,,,,,,,,,,,,,,,,,,,,43.35-47,17.37-21,,,,,,,,,,,,,,,,,,,,,,,,,,,,,,,,,,,,,,,,,,96-100,,,,,,,,,,,,,,,,,,,,,,,,,,,,,,,,,,,,,,,,,,,,,,,,,,,,73.27-77,8.6-12,6101.24-6103,,387-391.2,,,,,,977.7-981,127.6-131,,29-33,,,,,,,,,,,,,,,,,,,,,,,,,,,,,,,,,,,,,,,,,,,,,,,,,,,,,,,,,,,,,,,,,,,,,,,,,,,,,,,,,,,,,,,,,,,,,,,,,,,,,,,,,,,,,,,,,,,,,,,,,,,,,,,,,,,,,,,,,,,,,,,,,,,,,,,,,,,,,,,,,,,,,,,,,,,,
废水处理污泥,有色冶炼,铜火法冶炼污酸处理中和渣,无,火法炼铜污酸处理工段产生的中和渣,粉末泥状物质,固态、半固态,泥状,灰色,,,20-30,,,,,,,,,,,,,,,,,,,,,,,,,,,,,,,0.34-0.57,,,,,,,,,,,,0.95-1.1,1.12-1.35,,,,0.68-0.86,4.04-6,,39.62-45.8,,43.88-45,,,,,,,,,,,,,,,,,,,,,,,,,,,,,,,,,,,,,,,,,96-100,,,,,,,,,,,,,,,,,,,,,,,,,,,,,,,,,,,,,,,,,,,,,,,,,,,,546.5-550,91.2-95,3789.1-3793 ,,694.5-698,,,,,,1860.6-1864,385.6-389,,54.8-58,,,,,,,,,,,,,,,,,,,,,,,,,,,,,,,,,,,,,,,,,,,,,,,,,,,,,,,,,,,,,,,,,,,,,,,,,,,,,,,,,,,,,,,,,,,,,,,,,,,,,,,,,,,,,,,,,,,,,,,,,,,,,,,,,,,,,,,,,,,,,,,,,,,,,,,,,,,,,,,,,,,,,,,,,,,,
废水处理污泥,有色冶炼,铅火法冶炼污酸处理中和渣,无,火法炼铅（如富氧熔炼+直接还原工艺及富氧闪速熔炼工艺等）污酸处理工段产生的污酸处理污泥。,粉末泥状物质,固态、半固态,泥状,棕红色,有刺激性酸味,,10-20,,,,,,,,,,,,,,,,,,,,,,,,,,,,,,,,,,,,,,,,,,,,,,,,10.22-14,,,17.75-21,,,24.75-28,,,,,,,,,,,,,,,,,,,,,,,,,,,,,,,,,,,,,,,,96-100,,,,,,,,,,,,,,,,,,,,,,,,,,,,,,,,,,,,,,,,,,,,,,,,,,,,1981.8-1985,1117-1121.03,8249.4-8253,,2850.23-2854,,,,,,8866.3-8870,55513.31-55517,,,,,,,,,,,,,,,,,,,,,,,,,,,,,,,,,,,,,,,,,,,,,,,,,,,,,,,,,,,,,,,,,,,,,,,,,,,,,,,,,,,,,,,,,,,,,,,,,,,,,,,,,,,,,,,,,,,,,,,,,,,,,,,,,,,,,,,,,,,,,,,,,,,,,,,,,,,,,,,,,,,,,,,,,,,,,,
废水处理污泥,有色冶炼,铅火法冶炼中水处理污泥,无,火法炼铅（如富氧熔炼+直接还原工艺及富氧闪速熔炼工艺等）中水处理工段产生的中水处理污泥,连续泥块状,固态、半固态,泥状,暗红色,有刺激性酸味,,40-70,,,,,,,,,,,,,,,,,,,,,,,,,,,,,,,,,,,,,,,,,,,,,,,,44.37-48,,,3.37-7,,,0.803-0.98,.936-1.2,,,1.32-1.58,,,,,,,,,,,,,,,,,,,,,,,,,,,,,,,,,,,,,96-100,,,,,,,,,,,,,,,,,,,,,,,,,,,,,,,,,,,,,,,,,,,,,,,,,,,147.95-151,568.4-572,5178.07-5182,,386.04-390,,,,,,1060-1064.4,772.55-776,,37.05-41,,,,,,,,,,,,,,,,,,,,,,,,,,,,,,,,,,,,,,,,,,,,,,,,,,,,,,,,,,,,,,,,,,,,,,,,,,,,,,,,,,,,,,,,,,,,,,,,,,,,,,,,,,,,,,,,,,,,,,,,,,,,,,,,,,,,,,,,,,,,,,,,,,,,,,,,,,,,,,,,,,,,,,,,,,,,
废水处理污泥,有色冶炼,锌湿法冶炼浸出液净化产生的铜镉渣,无,湿法炼锌浸出液净化过程产生的渣,蓬松、质轻，似有纤维状物质,固态、半固态,泥状,灰色,,,30-50,,,,,,,,,,,,,,,,,,,,,,,,,,,,,,,1.5-5,28-50,,,,,5-10,,,,,,,,,,,,,,,,,,,,,,,,,,,,,,,,,,,,,,,,,,,,,,,,,,,,,,,,,,,,,,,,,,,,,,,,,,,,,,,,,,,,,,,,,,,,,,,,,,,,,,,,,,,,,,,,,,,,,,,,,,,,,,,,,,,,,,,,,,,,,,,,,,,,,,,,,,,,,,,,,,,,,,,,,,,,,,,,,,,,,,,,,,,,,,,,,,,,,,,,,,,,,,,,,,,,,,,,,,,,,,,,,,,,,,,,,,,,,,,,,,,,,,,,,,,,,,,,,,,,,,,,,,,,,,,,,,,,,,,,,,,,,,,,,,,,,,
废水处理污泥,有色冶炼,锌湿法冶炼中水处理污泥,无,湿法炼锌（如常规湿法炼锌工艺等）中水处理工段产生的中水处理污泥,连续泥块状,固态、半固态,泥状,暗红色,有刺激性酸味,,40-60,,,,,,,,,,,,,,,,,,,,,,,,,,,,,,,,,,,,,,,,,,,,1.4-1.8,,,,10.54-14,,,25.22-29,,,,,,,3.31-7,,,,,,,,,,,,,,,,,,,,,,,,,,,,,,,,,,,,,96-100,,,,,,,,,,,,,,,,,,,,,,,,,,,,,,,,,,,,,,,,,,,,,,,,,,,354.23-531.35 ,165.78-248.67,31584.3-47376.45,,2244.56-3366.84,,,,,,6986.89-10480.33,757.25-1135.88,,312.91-469.36,,,,,,,,,,,,,,,,,,,,,,,,,,,,,,,,,,,,,,,,,,,,,,,,,,,,,,,,,,,,,,,,,,,,,,,,,,,,,,,,,,,,,,,,,,,,,,,,,,,,,,,,,,,,,,,,,,,,,,,,,,,,,,,,,,,,,,,,,,,,,,,,,,,,,,,,,,,,,,,,,,,,,,,,,,,,
废水处理污泥,有色冶炼,锌湿法冶炼污酸处理中和渣,无,湿法炼锌（如常规湿法炼锌工艺等）污酸处理工段产生的中和渣,粉末泥状物质,固态、半固态,泥状,灰色,,,30-40,,,,,,,,,,,,,,,,,,,,,,,,,,,,,,,10-12,6-8.3,3.2-5.4,1.1-1.7,,,,,,,,,,,,,,,,,35.19-39,,,,,,,,,,,,,,,,,,,,,,,,,,,,,,,,,,,,,,,,,,,96-100,,,,,,,,,,,,,,,,,,,,,,,,,,,,,,,,,,,,,,,,,,,,,,,,,,,,298.46-447.69,215.14-322.71,5613.84-8420.75,,4638.87-6958.3,,,,,,14048.05-21072.08,1232.67-1849,,326.69-490.04,,,,,,,,,,,,,,,,,,,,,,,,,,,,,,,,,,,,,,,,,,,,,,,,,,,,,,,,,,,,,,,,,,,,,,,,,,,,,,,,,,,,,,,,,,,,,,,,,,,,,,,,,,,,,,,,,,,,,,,,,,,,,,,,,,,,,,,,,,,,,,,,,,,,,,,,,,,,,,,,,,,,,,,,,,,,
废水处理污泥,无机盐化工,氨碱法纯碱生产的盐水精制过程产生的氨碱盐泥,无,氨碱法生产纯碱工艺盐水精制过程产生的盐泥,表面粗糙熔融结构,固态、半固态,泥状,灰白色,,,40-60,,,,,,,,,,,,,,,,,,,,,,,,,,,,,,,,,,,,,,,,,,,,,,,,,,,,,,,,,,,,,,,,,,94-96,,,,,,,,,,,,,,,,,,,,,,,,,,,,,,,,,,,,,,,,,,,,,,,,,,,,,,,,,,,,,,,,,,,,,,,,,,,,,,,,4.45-18,11-59.5,8.92-47.6,,,,,,,,9.21-14.3,1.64-9.16,,,,,,,,,,,,,,,,,,,,,,,,,,,,,,,,,,,,,,,,,,,,,,,,,,,,,,,,,,,,,,,,,,,,,,,,,,,,,,,,,,,,,,,,,,,,,,,,,,,,,,,,,,,,,,,,,,,,,,,,,,,,,,,,,,,,,,,,,,,,,,,,,,,,,,,,,,,,,,,,,,,,,,,,,,,,,,
废水处理污泥,无机盐化工,盐水电解法生产烧碱过程中产生的烧碱盐泥,无,以海盐为原料原盐进行电解生产烧碱过程排出的泥浆,表面粗糙熔融结构,固态、半固态,泥状,灰色,,,40-60,,,,,,,,,,,,,,,,,,,,,,,,,,,,,,,,,,,,,,,,,,,,,,,,,48-50,,,,,,,,,,,,,,,,,3-16,,,4.34-6,,,,,,,,,,,32-78.45,,22.8-33,,,,,,,,,,,,,48-52,8-12,,,,,,,,,,,,,,,,,,,,,,,,,,,,,,,,,,,,,,,,13-17,11-15,,,,,,,,,,,,,,,,,,,,,,,,,,,,,,,,,,,,,,,,,,,,,,,,,,,,,,,,,,,,,,,,,,,,,,,,,,,,,,,,,,,,,,,,,,,,,,,,,,,,,,,,,,,,,,,,,,,,,,,,,,,,,,,,,,,,,,,,,,,,,,,,,,,,,,,,,,,,,,,,,,,,,,,,,,,,,,,,,,,,,,,,,,,,,,,,,,
废水处理污泥,无机盐化工,少钙焙烧生产重铬酸钠时碱液中和过程产生的少钙铝泥,无,少钙焙烧生产重铬酸钠时，中和碱性液过程中NaAlO2生成的Al(OH)3沉淀,不规则熔融结构,固态、半固态,泥状,灰色,,,40-60,,,,,,,,,,,,,,,,,,,,,,,,,,,,,,,,,,,,,,,,,,,,,,,,,,,,,,,,,,,,,,,,,,,,,,60-80,,,,,,,,,,,,,,,,,,,,,,,,,,,,,,,,,,,,,,,,,,,,,,,,,,,,,,,,,,,,,,,,,,,,,,,,,,,,,,,,,,,,,,,,,,,,,,,,,,,,,,,,,,,,,,,,,,,,,,,,,,,,,,,,,,,,,,,,,,,,,,,,,,,,,,,,,,,,,,,,,,,,,,,,,,,,,,,,,,,,,,,,,,,,,,,,,,,,,,,,,,,,,,,,,,,,,,,,,,,,,,,,,,,,,,,,,,,,,,,,,,,,,,,,,,,,,,,2870-16510,,,,,,
废水处理污泥,无机盐化工,硫酸法生产钛白粉时酸性废水处理过程产生的钛石膏,无,硫酸法生产钛白粉时，酸性废水经过与石灰石、电石泥、钙粉等碱性物质中和后，产生的工业副产钛石膏,表面粗糙不规则熔融结构,固态、半固态,泥状,红黄色,,,40-60,9.03-9.05,,,,,,,,,,,,,,,,,,,,,,,,,,,,,,,,,,,,,,,,,,0.82-1.1,0.87-1,,,,7.79-9,2.01-4,,30.46-32,,,,2.62-4,,,,,,,,,,,,,,,,,,,,,,,,70-75,,,,,,,,,,,,,,,,,,,,,,,,,,,,,,,,,,,,,,,,,,,,,,,,,,,,,,,,,,,,,2380.952-2386,7539.683-7545,5632.927-5636,,230714.289-230719,,,,,,,,,,,,,,,,,,,,,,,,,,,,,,,,,,,,,,,,,,,,,,,,,,,,,,,,,,,,,,,,,,,,,,,,,,,,,,,,,,,,,,,,,,,,,,,,,,,,,,,,,,,,,,,,,,,,,,,,,,,,,,,,,,,,,,,,,,,,,,,,,,,,,,,,,,,,,,,,,,,,,,,,,,,,,,,,,,,,,,,,,,,
废水处理污泥,无机盐化工,无钙焙烧生产重铬酸钠时碱液中和产生的无钙铝泥,无,无钙焙烧生产重铬酸钠时，中和碱性液过程中NaAlO2生成的Al(OH)3沉淀,表面粗糙不规则熔融结构,固态、半固态,泥状,灰色,,,40-60,,,,,,,,,,,,,,,,,,,,,,,,,,,,,,,,,,,,,,,,,,,,,,,,,,,,,,,,,,,,,,,,,,,,,,50-70,,,,,,,,,,,,,,,,,,,,,,,,,,,,,,,,,,,,,,,,,,,,,,,,,,,,,,,,,,,,,,,,,,,,,,,,,,,,,,,,,,,,,,,,,,,,,,,,,,,,,,,,,,,,,,,,,,,,,,,,,,,,,,,,,,,,,,,,,,,,,,,,,,,,,,,,,,,,,,,,,,,,,,,,,,,,,,,,,,,,,,,,,,,,,,,,,,,,,,,,,,,,,,,,,,,,,,,,,,,,,,,,,,,,,,,,,,,,,,,,,,,,,,,,,,,,,,,50.6-56,,,,,,
废水处理污泥,无机盐化工,硫铁矿制酸工艺烟气废酸处理过程产的中和泥渣,无,硫铁矿制酸工艺二氧化硫气体净化产生的稀酸废水处理过程中产生的中和泥渣,表面粗糙不规则熔融结构,固态、半固态,泥状,灰色,,,40-60,,,,,,,,,,,,,,,,,,,,,,,,,,,,,,,,,,,,,,,,,,,,,,,,,12-21,,20-35,,35.8-37,,,,,,,,,,,,,,,,,,,,,,,,,,,,,,,,,,,,,,,,,,,,,,,,,,,,,,,,,,,,,,,,,,,,,,,,,,,,,,,,,,,,,,,,,,,,,,,,,,,,,,,,,,,,,,,,,,,,,,,,,,,,,,,,,,,,,,,,,,,,,,,,,,,,,,,,,,,,,,,,,,,,,,,,,,,,,,,,,,,,,,,,,,,,,,,,,,,,,,,,,,,,,,,,,,,,,,,,,,,,,,,,,,,,,,,,,,,,,,,,,,,,,,,,,,,,,,,,,,,,,0.44-52.85,0.04-6.24,35.13-162.01,,,,,,,,,,,3.65-18.6,,,,
废水处理污泥,农药,"2,4-D合成工艺废水处理过程中产生的生化处理污泥",无,"2,4-D合成工艺废水处理过程中产生的生化处理污泥",泥状、团聚,固态、半固态,泥状,,,,60-95,,,,,,,,,,,,,,,,,,,,,,,,,,,,,,,,,,,,,,,,,,,,,,,,,,,,,,,,,,,,,,,,,,,,,,,,,,,,,,,,,,,,,,,,,,,,,,,,,,,,,,,,,,,,,,,,,,,,,,,,,,,,,,,,,,,,,,,,,,,,,,,,,,,,,,,,,,,,,,,,,,,,,,,,,,,,,,,,,,,,,,,,,,,,,,,,,,,,,,,,,,,,,,,,,,,,,0.1-100,,,,,,,,,,,,,,0.1-65,,,,,,0.1-100,,,,,,,,,,,,,,,,,,,,,,,,,,,,,,0.1-200,,,,,,,,,,,,,,,,,,,,,,,,,,,,,,,,,,,,,,,,,,,,,,,,,,,,,,,,,,,,,,,,,,,,
废水处理污泥,农药,2甲4氯酸合成工艺废水处理过程中产生的生化处理污泥,无,2甲4氯酸合成工艺废水处理过程中产生的生化处理污泥,泥状、团聚,固态、半固态,泥状,,,,60-95,,,,,,,,,,,,,,,,,,,,,,,,,,,,,,,,,,,,,,,,,,,,,,,,,,,,,,,,,,,,,,,,,,,,,,,,,,,,,,,,,,,,,,,,,,,,,,,,,,,,,,,,,,,,,,,,,,,,,,,,,,,,,,,,,,,,,,,,,,,,,,,,,,,,,,,,,,,,,,,,,,,,,,,,,,,,,,,,,,,,,,,,,,,,,,,,,,,,,,,,,,,,,,,,,,,,,,,,,,0.1-153,,,,,,,,,,,,,,,0.1-100,,0.1-100,,,,,,,,,,,,,,,,,,,,,,,,,,,,,,,,,,,,,,,,,,,,,,,,,,,,,,,,,,,,,,,,,,,,,,,,,,,,,,,,,,,,,,,,,,,,,,,,
废水处理污泥,农药,百草枯合成工艺废水处理过程中产生的生化处理污泥,无,氰醇法合成百草枯工艺废水处理过程中产生的生化处理污泥,泥状、团聚,固态、半固态,泥状,,,,60-95,,,,,,,,,,,,,,,,,,,,,,,,,,,,,,,,,,,,,,,,,,,,,,,,,,,,,,,,,,,,,,,,,,,,,,,,,,,,,,,,,,,,,,,,,,,,,,,,,,,,,,,,,,,,,,,,,,,,,,,,,,,,,,,,,,,,,,,,,,,,,,,,,,,,,,,,,,,,,,,,,,,,,,,,,,,,,,,,,,,,,,,,,,,,,,,,,,,,,,,,,,,,,,,,,,,,,,,,,,,,,,,,,,,,,,,,,,,,,,,,,,0.1-100,0.1-100,,,,,,,,,,,,,,,,,,,,,,,,,,,,,,,,,,,0.1-100,,,,,,,,,,,,,,,,,,,,,,,,,,,,,,,,,,,,,,,,,,,,,,,,,,,,,
废水处理污泥,农药,苯磺隆合成工艺废水处理过程中产生的生化处理污泥,无,苯磺隆合成工艺废水处理过程中产生的生化处理污泥,泥状、团聚,固态、半固态,泥状,,,,60-95,,,,,,,,,,,,,,,,,,,,,,,,,,,,,,,,,,,,,,,,,,,,,,,,,,,,,,,,,,,,,,,,,,,,,,,,,,,,,,,,,,,,,,,,,,,,,,,,,,,,,,,,,,,,,,,,,,,,,,,,,,,,,,,,,,,,,,,,,,,,,,,,,,,,,,,,,,,,,,,,,,,,,,,,,,,,,,,,,,,,,,,,,,,,,,,,,,,,,,,,,,,,,,,,,,,,,,,0.1-100,,,,,,,,,,,,,,,,,,,,,,,,,,,,,,,,,,,,,,,,,,,,,,,,,,,,,,,,,,,,,,,,0.1-100,,,,,,,,,,,,,,,,,,,,,,,,,,,,,,,,,,,,,,,,,,,,,,,,,,,,
废水处理污泥,农药,吡虫啉合成工艺废水处理过程中产生的生化处理污泥,无,吡虫啉合成工艺废水处理过程中产生的生化处理污泥,泥状、团聚,固态、半固态,泥状,,,,60-95,,,,,,,,,,,,,,,,,,,,,,,,,,,,,,,,,,,,,,,,,,,,,,,,,,,,,,,,,,,,,,,,,,,,,,,,,,,,,,,,,,,,,,,,,,,,,,,,,,,,,,,,,,,,,,,,,,,,,,,,,,,,,,,,,,,,,,,,,,,,,,,,,,,,,,,,,,,,,,,,,,,,,,,,,,,,,,,,,,,,,,,,,,,,,1-100,,,,,,,,,,,,,,,,,,,,,,,,,,,,,,,,,,,,,,,,,,,,,,,,,,,,,,,0.1-100,,,,,,,,,,,,,,,,,,,,,,,,,,,,,,,,,,,,0.1-100,0.1-100,,,,,,,,,,,,,,,,,,,,,,,,,,,,,,,,,,,,,,,,,,,,,,,,,,
废水处理污泥,农药,苄嘧磺隆合成工艺废水处理过程中产生的生化处理污泥,无,苄嘧磺隆合成工艺废水处理过程中产生的生化处理污泥,泥状、团聚,固态、半固态,泥状,,,,60-95,,,,,,,,,,,,,,,,,,,,,,,,,,,,,,,,,,,,,,,,,,,,,,,,,,,,,,,,,,,,,,,,,,,,,,,,,,,,,,,,,,,,,,,,,,,,,,,,,,,,,,,,,,,,,,,,,,,,,,,,,,,,,,,,,,,,,,,,,,,,,,,,,,,,,,,,,,,,,,,,,,,,,,,,,,,,,,,,,,,,,,,,,,,,,,0.1-100,,,,,,0.1-100,,,,,,,,,,,,,,,,,,,,,,,,,,,,,,,,,,,,,,,,,,,,,,,,,,,,,,,,,,,,,,,,,,,,,,,,,,,,,,,,,,,,,,,,,,,,,,,,,,,,,,,,,,,,,,,,,,,,,,,,,,,,,,,,,,,,,,,
废水处理污泥,农药,丙环唑合成工艺废水处理过程中产生的生化处理污泥,无,丙环唑合成工艺废水处理过程中产生的生化处理污泥,泥状、团聚,固态、半固态,泥状,,,,60-95,,,,,,,,,,,,,,,,,,,,,,,,,,,,,,,,,,,,,,,,,,,,,,,,,,,,,,,,,,,,,,,,,,,,,,,,,,,,,,,,,,,,,,,,,,,,,,,,,,,,,,,,,,,,,,,,,,,,,,,,,,,,,,,,,,,,,,,,,,,,,,,,,,,,,,,,,,,,,,,,,,,,,,,,,,,,,,,,,,,,,,,,,,,,,,,,,,,,,,,,,,,,,,,,,,,,,,,,,,,,,,,,,,,,,,,,,,,,,,,,,,,,,,,,,,,,,,,,,,,,,,,,,,,,,,,,,,,,,,,,,,0.1-100,,,,,,,,,,,,,,,,,,,,,,,,,,,,,,,,,,,,,,,,,,,,,,,,,
废水处理污泥,农药,丙溴磷合成工艺废水处理过程中产生的生化处理污泥,无,丙溴磷合成工艺废水处理过程中产生的生化处理污泥,泥状、团聚,固态、半固态,泥状,,,,60-95,,,,,,,,,,,,,,,,,,,,,,,,,,,,,,,,,,,,,,,,,,,,,,,,,,,,,,,,,,,,,,,,,,,,,,,,,,,,,,,,,,,,,,,,,,,,,,,,,,,,,,,,,,,,,,,,,,,,,,,,,,,,,,,,,,,,,,,,,,,,,,,,,,,,,,,,,,,,,,,,,,,,,,,,,,,,,,,,,,,,,,,,,,,,,,,,,,,,,,,,,,,,,,,,,,,,,,,,,,,,,,,,,,,,,,,,,,,,,,,,,,,,,,,,,,,,,,,,,,,,,,,,,,,,,,,,,,,,,,,,,,,,,,,,,0.1-100,0.1-100,0.1-100,,,,,,,,,,,,,,,,,,,,,,,,,,,,,,,,,,,,,,,,
废水处理污泥,农药,草甘膦合成工艺废水处理过程中产生的生化处理污泥,无,草甘膦合成工艺废水处理过程中产生的生化处理污泥,泥状、团聚,固态、半固态,泥状,,,,60-95,,,,,,,,,,,,,,,,,,,,,,,,,,,,,,,,,,,,,,,,,,,,,,,,,,,,,,,,,,,,,,,,,,12-18,,,,,,,,,,,,,,,,,,,,,,,,,,,,,,,,,,,,,,,,,,,,,,,,,,,,,,,,,,,,,,,,,,,,,,,,,,,,,,,,,,,,,,,,,,,,,,,,,,,,,,,,,,,,,,,,,,,,,,,,,,,,,,,,,,,,,,,,,,,,,,,,,,,,,,,,,,,,,,,,,,,1-4,,1.3-1.8,,,,,,,,,,,,,,,,,,,,,,,,,,,,,,,,,0.7-1.5,2-4,0.02-0.78,,,,,,,,,,,,,,,,,,,,,,,,,,,,,,,,,,,,,,,,,,,,,,,,,,,,,,,,,,,,,,,,,
废水处理污泥,农药,代森锰锌合成工艺废水处理过程中产生的生化处理污泥,无,代森锰锌合成工艺废水处理过程中产生的生化处理污泥,泥状、团聚,固态、半固态,泥状,,,,60-95,,,,,,,,,,,,,,,,,,,,,,,,,,,,,,,,,,,,,,,,,,,,,,,,,,,,,,,,,,,,,,,,,,,,,,,,,,,,,,,,,,,,,,,,,,,,,,,,,,,,,,,,,,,,,,,,,,,,,,,,,,,,,,,,,,,,,,,,,,,,,,,,,,,,,,,,,,,,,,,,,,,,,,,,,,,,,,,,,,,,,,,,,,,,,,,,,,,,,,,,,,,,,,,,,,,,,,,,,,,,,,,,,,,,,,,,,,,,,,,,,,,,,,,,,,,,,,,,0.1-10,,,,,,,,,,,,,,,,,,,,,,,,,,,0.1-20,,,,,,,,,,,,,,,,,,,,,,,,,,,,,,,,,,,,,,,,,,,,,,,,
废水处理污泥,农药,敌百虫合成工艺废水处理过程中产生的生化处理污泥,无,敌百虫合成工艺废水处理过程中产生的生化处理污泥,泥状、团聚,固态、半固态,泥状,,,,60-95,,,,,,,,,,,,,,,,,,,,,,,,,,,,,,,,,,,,,,,,,,,,,,,,,,,,,,,,,,,,,,,,,,,,,,,,,,,,,,,,,,,,,,,,,,,,,,,,,,,,,,,,,,,,,,,,,,,,,,,,,,,,,,,,,,,,,,,,,,,,,,,,,,,,,,,,,,,,,,,,,,,,,,,,,,,,,,,,,,,,,,,,,,,,,,,,,,,,,,,,,,,,,,,,,,,,,,,,,,,,,,,,,,,,,,,,,,,,,,,,,,,,,,,,,,,,,,,,,,,,,,,,,,,,,,,,,,,,,,,,,,,,0.1-100,,,,,,,,,,,,,,,,,,,,,,,,,,,,,,,,,,,,,,,,,,,,,,,
废水处理污泥,农药,丁草胺合成工艺废水处理过程中产生的生化处理污泥,无,丁草胺合成工艺废水处理过程中产生的生化处理污泥,泥状、团聚,固态、半固态,泥状,,,,60-95,,,,,,,,,,,,,,,,,,,,,,,,,,,,,,,,,,,,,,,,,,,,,,,,,,,,,,,,,,,,,,,,,,,,,,,,,,,,,,,,,,,,,,,,,,,,,,,,,,,,,,,,,,,,,,,,,,,,,,,,,,,,,,,,,,,,,,,,,,,,,,,,,,,,,,,,,,,,,,,,,,,,,,,,,,,,,,,,,,,,,,,,,,,,,,,0.1-100,,,,,,,,,,,,,,,,,,,,,,,,,,,,,,,,,,,,,,,,,,,,,,,,,,,,,,,,,,,,,,,,,,,0.1-100,0.1-100,0.1-100,,,,,,,,,,,,,,,,,,,,,,,,,,,,,,,,,,,,,,,,,,,,,,,,,,,,,,,,,,,,,,,,,,,,,,,
废水处理污泥,农药,啶虫脒合成工艺废水处理过程中产生的生化处理污泥,无,啶虫脒合成工艺废水处理过程中产生的生化处理污泥,泥状、团聚,固态、半固态,泥状,,,,60-95,,,,,,,,,,,,,,,,,,,,,,,,,,,,,,,,,,,,,,,,,,,,,,,,,,,,,,,,,,,,,,,,,,,,,,,,,,,,,,,,,,,,,,,,,,,,,,,,,,,,,,,,,,,,,,,,,,,,,,,,,,,,,,,,,,,,,,,,,,,,,,,,,,,,,,,,,,,,,,,,,,,,,,,,,,,,,,,,,,,,,,,,,,,,,,,,0.1-100,,,,,,,,,,,,,,,,,,,,,,,,,,,,,,,,,,,,,,,,,,,,,,,,,,,,,,,,,,,,,,,,,,,,,,,,,,,,,,,,,,,,,,,,,,,,,0.1-100,,,,,,,,,,,,,,,,,,,,,,,,,,,,,,,,,,,,,,,,,,,,,,
废水处理污泥,农药,毒死蜱合成工艺废水处理过程中产生的生化处理污泥,无,毒死蜱合成工艺废水处理过程中产生的生化处理污泥,泥状、团聚,固态、半固态,泥状,,,,60-95,,,,,,,,,,,,,,,,,,,,,,,,,,,,,,,,,,,,,,,,,,,,,,,,,,,,,,,,,,,,,,,,,,7-10,,,,,,,,,,,,,,,,,,,,,,,,,,,,,,,,,,,,,,,,,,,,,,,,,,,,,,,,,,,,,,,,,,,,,,,,,,,,,,,,,,,,,,,,,,,,,,,,,,,,,,,,,,,,,,,,,,,,,,,,,,,,,,,,,,,,,,,,,,,,,,,,,,,,,,,,,,,,,,,,,,,,,,,,,,,,,,,,,,,0.1-100,0.1-100,,,,,,,,,,,,,,,,,,,,,,,,,,0.1-100,,,,,,,,,,,,,,,,,,,,,,,,,,,,,,,,,,,,,,,,,,,,,,,,,,,,,,,,,,,
废水处理污泥,农药,多菌灵合成工艺废水处理过程中产生的生化处理污泥,无,多菌灵合成工艺废水处理过程中产生的生化处理污泥,泥状、团聚,固态、半固态,泥状,,,,60-95,,,,,,,,,,,,,,,,,,,,,,,,,,,,,,,,,,,,,,,,,,,,,,,,,,,,,,,,,,,,,,,,,,,,,,,,,,,,,,,,,,,,,,,,,,,,,,,,,,,,,,,,,,,,,,,,,,,,,,,,,,,,,,,,,,,,,,,,,,,,,,,,,,,,,,,,,,,,,,,,,,,,,,,,,,,,,,,,,,,,,,,,,,,,,,,,,,0.1-100,,,,,,,,,,,,,,,,,,,,,,,,,,,,,,,,,,,,,,,,,,,,,,,,,,,,,,1-38,,,,,,,,,,,,,,,,,,,,,,,,,0.1-100,,,,,,,,,,,,,,,,,,,,,,,,,,,,,,,,,,,,,,,,,,,,,,,,,,,,,,,,,,
废水处理污泥,农药,氟乐灵合成工艺废水处理过程中产生的生化处理污泥,无,氟乐灵合成工艺废水处理过程中产生的生化处理污泥,泥状、团聚,固态、半固态,泥状,,,,60-95,,,,,,,,,,,,,,,,,,,,,,,,,,,,,,,,,,,,,,,,,,,,,,,,,,,,,,,,,,,,,,,,,,,,,,,,,,,,,,,,,,,,,,,,,,,,,,,,,,,,,,,,,,,,,,,,,,,,,,,,,,,,,,,,,,,,,,,,,,,,,,,,,,,,,,,,,,,,,,,,,,,,,,,,,,,,,,,,,,,,,,,,,,,,,,,,,,,,,,,,,,,,,,,,,,,,,,,,,,,,,,,,,,,,,,,,,,,,,,,,,,,,,,,,,,,,,,,,,,,,,,,,,,,,,,,,,,0.1-100,,,,,,,,,,,,,,,,,,0.1-100,,,,,,,,,,,,,,,,,,,,,,,,,,,,,,,,,,,,,,,
废水处理污泥,农药,高效氯氟氰菊酯合成工艺废水处理过程中产生的生化处理污泥,无,高效氯氟氰菊酯合成工艺废水处理过程中产生的生化处理污泥,泥状、团聚,固态、半固态,泥状,,,,60-95,,,,,,,,,,,,,,,,,,,,,,,,,,,,,,,,,,,,,,,,,,,,,,,,,,,,,,,,,,,,,,,,,,,,,,,,,,,,,,,,,,,,,,,,,,,,,,,,,,,,,,,,,,,,,,,,,,,,,,,,,,,,,,,,,,,,,,,,,,,,,,,,,,,,,,,,,,,,,,,,,,,,,,,,,,,,,,,,,,,,,,,,,,,,,,,,,,,,,,,,,,,,,,,,,,,,,,,,,,,,,,,,,,,,,,0.1-100,,,,,,,,,,,,,,,,,,,,,,,,,,,,,,,,,,,,,,,,,,,,,,,,,,,,,,,,,,,,,,,0.1-100,0.1-100,,,,,,,,,,,,,,,,,,,,,,,,,,,,,,,,,,,,,
废水处理污泥,农药,高效氯氰菊酯合成工艺废水处理过程中产生的生化处理污泥,无,高效氯氰菊酯合成工艺废水处理过程中产生的生化处理污泥,泥状、团聚,固态、半固态,泥状,,,,60-95,,,,,,,,,,,,,,,,,,,,,,,,,,,,,,,,,,,,,,,,,,,,,,,,,,,,,,,,,,,,,,,,,,,,,,,,,,,,,,,,,,,,,,,,,,,,,,,,,,,,,,,,,,,,,,,,,,,,,,,,,,,,,,,,,,,,,,,,,,,,,,,,,,,,,,,,,,,,,,,,,,,,,,,,,,,,,,,,,,,,,,,,,,,,,,,,,,,,,,,,,,,,,,,,,,,,,,,,,,,,,,0.1-100,,,,,,,,0.1-100,,,,,,,,,,,,,,,,,,,,,,,,,,,,,,,,,,,,,,,,,,,,,,,,,,,,,,,,,,,,,,,,,0.1-100,,,,,,,,,,,,,,,,,,,,,,,,,,,,,,,,,,,,
废水处理污泥,农药,麦草畏合成工艺废水处理过程中产生的生化处理污泥,无,麦草畏合成工艺废水处理过程中产生的生化处理污泥,泥状、团聚,固态、半固态,泥状,,,,60-95,,,,,,,,,,,,,,,,,,,,,,,,,,,,,,,,,,,,,,,,,,,,,,,,,,,,,,,,,,,,,,,,,,,,,,,,,,,,,,,,,,,,,,,,,,,,,,,,,,,,,,,,,,,,,,,,,,,,,,,,,,,,,,,,,,,,,,,,,,,,,,,,,,,,,,,,,,,,,,,,,,,,,,,,,,,,,,,,,,,,,,,,,,,,,,,,,,,,,,,,,,,,,,,,,,,,,,,,,,,,,,,,,,,0.1-100,0.1-100,,,,,,,,,,,,,,,,,,,,,,,,,,,,,,,,,,0.1-100,,,,,,,,,,,,,,,,,,,,,,,,0.1-100,,,,,,,,,,,,,,,,,,,,,,,,,,,,,,,,,,,,,,,,,,,,,
废水处理污泥,农药,三环唑合成工艺废水处理过程中产生的生化处理污泥,无,三环唑合成工艺废水处理过程中产生的生化处理污泥,泥状、团聚,固态、半固态,泥状,,,,60-95,,,,,,,,,,,,,,,,,,,,,,,,,,,,,,,,,,,,,,,,,,,,,,,,,,,,,,,,,,,,,,,,,,,,,,,,,,,,,,,,,,,,,,,,,,,,,,,,,,,,,,,,,,,,,,,,,,,,,,,,,,,,,,,,,,,,,,,,,,,,,,,,,,,,,,,,,,,,,,,,,,,,,,,,,,,,,,,,,,,,,,,,,,,,,,,,,,,,,,,,,,,,,,,,,,,,,,,,,,,,,,,,,,,,,,,,,,,,,,,,,,,,,,,,,,,,,,,,,0.1-100 ,,,,,,,,,,,,,,,,,,,,,,,,,,,,,,,,,,,,,,,0.1-100,,,,,,,,,,,,,,,,,,,,,,,,,,,,,,,,,,,
废水处理污泥,农药,三唑磷合成工艺废水处理过程中产生的生化处理污泥,无,三唑磷合成工艺废水处理过程中产生的生化处理污泥,泥状、团聚,固态、半固态,泥状,,,,60-95,,,,,,,,,,,,,,,,,,,,,,,,,,,,,,,,,,,,,,,,,,,,,,,,,,,,,,,,,,,,,,,,,,1-3,,,,,,,1-4,,,,,,,,,,,,,,,,,,,,,,,,,,,,,,,,,,,,,,,,,,,,,,,,,,,,,,,,,,,,,,,,,,,,,,,,,,,,,,,,,,,,,,,,,,,,,,,,,,,,,,,,,,,,,,,,,,,,,,,,,,,,,,,,,,,,,,,,,,,,1-100,,,,,,,,,,,,,,,,,,0.1-100,,,,,,,,,,,,,,,0.1-100,,,0.1-100,0.1-100,0.1-100,,,,,,,,,,,,,,,,,0.1-100,,,,,,,,,,,,,,,,,,,,,,,,,,,,,0.1-100,,,,,,,,,,,,,,,,,,,,,,,,,,,,,,,,,,
废水处理污泥,农药,杀虫单合成工艺废水处理过程中产生的生化处理污泥,无,杀虫单合成工艺废水处理过程中产生的生化处理污泥,泥状、团聚,固态、半固态,泥状,,,,60-95,,,,,,,,,,,,,,,,,,,,,,,,,,,,,,,,,,,,,,,,,,,,,,,,,,,,,,,,,,,,,,,,,,18-22,,,,,,,,,,,,,,,,,,,,,,,,,,,,,,,,,,,,,,,,,,,,,,,,,,,,,,,,,,,,,,,,,,,,,,,,,,,,,,,,,,,,,,,,,,,,,,,,,,,,,,,,,,,,,,,,,,,,,,,,,,,,,,,,,,,,,,,,,,,,,,,,,,,,,,,,,,,,,,,,,,,,,,,,,,,,,,,,,,,,,,,,,,0.1-100,,,,,,,,,,,,,,,,,,,,,,,,,,,,,,,,,,,0.1-100,,,,,,,,,,,,,,,,,,,,,,,,,,,,,,,,,,,,,,,,,,,,
废水处理污泥,农药,戊唑醇合成工艺废水处理过程中产生的生化处理污泥,无,戊唑醇合成工艺废水处理过程中产生的生化处理污泥,泥状、团聚,固态、半固态,泥状,,,,60-95,,,,,,,,,,,,,,,,,,,,,,,,,,,,,,,,,,,,,,,,,,,,,,,,,,,,,,,,,,,,,,,,,,,,,,,,,,,,,,,,,,,,,,,,,,,,,,,,,,,,,,,,,,,,,,,,,,,,,,,,,,,,,,,,,,,,,,,,,,,,,,,,,,,,,,,,,,,,,,,,,,,,,,,,,,,,,,,,,,,,,,,,,,,,,,,,,,,,,,,,,,,,,,,,,,,,,,,,,,,,,,,,,,,,,,,,,,,,,,,,,,,,,,,,,,,,,,,,,,,,,,,,,,,,,,,,,,,,,,,,,,,,,,,,,,,,,,,,,,0.1-100,0.1-100,0.1-100,,,,,,,,,,,,,,,,,,,,,,,,,,,,,,,
废水处理污泥,农药,西玛津合成工艺废水处理过程中产生的生化处理污泥,无,西玛津合成工艺废水处理过程中产生的生化处理污泥,泥状、团聚,固态、半固态,泥状,,,,60-95,,,,,,,,,,,,,,,,,,,,,,,,,,,,,,,,,,,,,,,,,,,,,,,,,,,,,,,,,,,,,,,,,,30-60,,,,,,,,,,,,,,,,,,,,,,,,,,,,,,,,,,,,,,,,,,,,,,,,,,,,,,,,,,,,,,,,,,,,,,,,,,,,,,,,,,,,,,,,,,,,,,,,,,,,,,,,,,,,,,,,,,,,,,,,,,,,,,,,,,,,,,,,,,,,,,,,,,,1-100,,,,,,,,,,,,,,,,,,,,,,,,,,,,,,,,,,,,,,,,,,,,,,,,,,,,,,0.1-100,,,,,,,,,,,,,,,,,,,,,,,,,,,,,,,,,,,,,,,,,,,,,,,,,,,,,,,,,,,,,,,,
废水处理污泥,农药,辛硫磷合成工艺废水处理过程中产生的生化处理污泥,无,辛硫磷合成工艺废水处理过程中产生的生化处理污泥,泥状、团聚,固态、半固态,泥状,,,,60-95,,,,,,,,,,,,,,,,,,,,,,,,,,,,,,,,,,,,,,,,,,,,,,,,,,,,,,,,,,,,,,,,,,,,,,,,,,,,,,,,,,,,,,0.1-100,,,,,,,,,,,,,,,,,,,,,,,,,,,,,,,,,,,,,,,,,,,,,,,,,,,,,,,,,,,,,,,,,,,,,,,,,,,,,,,,,,,,,,,,,,,,,,,,,,,,,,,,,,,,,,,,,,,,,,,,,,,,,,,,,,,,,,,,,,,,,,,,,,,,,,,,,,,,,,,,,,,,,,,,,,,,,,,,,,,,,,,,,,,,,,,,,,,,,,,,,,,,,,,,,,,,,,,0.1-100,0.1-100,0.1-100,,,,,,,,,,,,,,,,,,,,,,,,,,,,
废水处理污泥,农药,烟嘧磺隆合成工艺废水处理过程中产生的生化处理污泥,无,烟嘧磺隆合成工艺废水处理过程中产生的生化处理污泥,泥状、团聚,固态、半固态,泥状,,,,60-95,,,,,,,,,,,,,,,,,,,,,,,,,,,,,,,,,,,,,,,,,,,,,,,,,,,,,,,,,,,,,,,,,,10-20,,,,,,,,,,,,,,,,,,,,,,,,,,,,,,,,,,,,,,,,,,,,,,,,,,,,,,,,,,,,,,,,,,,,,,,,,,,,,,,,,,,,,,,,,,,,,,,,,,,,,,,,,,,,,,,,,,,,,,,,,,,,,,,,,,,,,,,,,,,,,,,,,,,,,,,,,,,,,,,,,,,,,,,,,,,,,,,,,,,,,,,,,,,,,,,,,,,,,,,,,,,,,,,,,,,,,,,,,,,,,,,,,,,,,,,,,,,,,,0.1-100,1-100,,,,,,,,,,,,,,,,,,,,,,,,,,
废水处理污泥,农药,乙草胺合成工艺废水处理过程中产生的生化处理污泥,无,乙草胺合成工艺废水处理过程中产生的生化处理污泥,泥状、团聚,固态、半固态,泥状,,,,60-95,,,,,,,,,,,,,,,,,,,,,,,,,,,,,,,,,,,,,,,,,,,,,,,,,,,,,,,,,,,,,,,,,,,,,,,,,,,,,,,,,,,,,,,,,,,,,,,,,,,,,,,,,,,,,,,,,,,,,,,,,,,,,,,,,,,,,,,,,,,,,,,,,,,,,,,,,,,,,,,,,,,,,,,,,,,,,,,,,,,,,,,,,,,,,,,,,0.1-100,,,,,,,,,,,,,,,,,,,,,,,,,,,,,,,,,,,,,,,,,,,,,,,,,,,,,,,,,,,,,,,,,0.1-100,0.1-100,,,,,,,,,,,,,,,,,,,,,,,,,,,,,0.1-100,,,,,,,,,,,,,,,,,,,,,,,,,,,,,,,,,,,,,,,,,,,
废水处理污泥,农药,乙酰甲胺磷合成工艺废水处理过程中产生的生化处理污泥,无,乙酰甲胺磷合成工艺废水处理过程中产生的生化处理污泥,泥状、团聚,固态、半固态,泥状,,,,60-95,,,,,,,,,,,,,,,,,,,,,,,,,,,,,,,,,,,,,,,,,,,,,,,,,,,,,,,,,,,,,,,,,,,,,,,,,,,,,,,,,,,,,,,,,,,,,,,,,,,,,,,,,,,,,,,,,,,,,,,,,,,,,,,,,,,,,,,,,,,,,,,,,,,,,,,,,,,,,,,,,,,,,,,,,,,,,,,,,,,,,,,,,,,,,,,,,,,,,,,,,,,,,,,,,,,,,,,,,,,,,,,,,,,,,,,,,,,,,,,,,,,,,,,,,,,,,,,,,,,,,,,,,,,,,,,,,,,,,,,,,,,,,,,,,,,,,,,,,,,,,,,,,,0.1-100,0.1-100,,,,,,,,,,,,,,,,,,,,,,,,
废水处理污泥,农药,异丙甲草胺合成工艺废水处理过程中产生的生化处理污泥,无,异丙甲草胺合成工艺废水处理过程中产生的生化处理污泥,泥状、团聚,固态、半固态,泥状,,,,60-95,,,,,,,,,,,,,,,,,,,,,,,,,,,,,,,,,,,,,,,,,,,,,,,,,,,,,,,,,,,,,,,,,,3-9,,,,,,,,,,,,,,,,,,,,,,,,,,,,,,,,,,,,,,,,,,,,,,,,,,,,,,,,,,,,,,,,,,,,,,,,,,,,,,,,,,,,,,,,,,,,,,,,,,,,,,,,,,,,,,,,,,,,,,,,,,,,,,,,,,,,,,,,,,,,,,,,,,,0.1-100,,,,,,,,,,,,,,,,,,,,,,,,,,,,,,,,,,0.1-100,,,,,,,,0.1-100,,,,,,,,,,,,,,,,,,,,,,,,,,,,,,,,,,,,,,,,,,,,,,,,,,,,,,,,,,,,,,,,,,,,,,,,,,,,
废水处理污泥,农药,莠灭净合成工艺废水处理过程中产生的生化处理污泥,无,莠灭净合成工艺废水处理过程中产生的生化处理污泥,泥状、团聚,固态、半固态,泥状,,,,60-95,,,,,,,,,,,,,,,,,,,,,,,,,,,,,,,,,,,,,,,,,,,,,,,,,,,,,,,,,,,,,,,,,,3-13,,,,,,,,,,,,,,,,,,,,,,,,,,,,,,,,,,,,,,,,,,,,,,,,,,,,,,,,,,,,,,,,,,,,,,,,,,,,,,,,,,,,,,,,,,,,,,,,,,,,,,,,,,,,,,,,,,,,,,,,,,,,,,,,,,,,,,,,,,,,,,,,,,,1-100,,,,,,,,,,,,,,,,,,,,,,,,,,,,,,,,,,,,,,,,,,,,,,,,,,,,,,,,,,,,,,,,1-58.6 ,,,,,,,,,,,,,,,,,,,,,,,,,,,,,,,,,,,,,,,,,,,,,,,,,,,,,,
废水处理污泥,农药,2-氯-18-氯甲基吡啶（CCMP）合成工艺废水处理过程中产生的生化处理污泥,无,2-氯-18-氯甲基吡啶（CCMP）合成工艺废水处理过程中产生的生化处理污泥,泥状、团聚,固态、半固态,泥状,,,,60-95,,,,,,,,,,,,,,,,,,,,,,,,,,,,,,,,,,,,,,,,,,,,,,,,,,,,,,,,,,,,,,,,,,,,,,,,,,,,,,,,,,,,,,,,,,,,,,,,,,,,,,,,,,,,,,,,,,,,,,,,,,,,,,,,,,,,,,,,,,,,,,,,,,,,,,,,,,,,,,,,,,,,,,,,,,,,,,,,,,,,,,,,,,,,,,,,,,,,,,,,,,,,,,,,,,,,,0.1-100,,,,,,,,,,,,,,,,,,,,,,,,,,,,,,,,,,,,,,,,,,,,,,,,,,,,,,,,,,,,,,,,,,,,,,,,,,,,,,,,,,,,,,,,,,,,,,,0.1-100,0.1-100,0.1-100,,,,,,,,,,,,,,,,,,,,,
废水处理污泥,石油炼制,原油电脱盐污泥,无,在电脱盐过程中产生的电脱盐废水处理后产生的污泥,泥状、团聚,固态、半固态,泥状,灰褐色,,,55-80,,10-50,,,,,,,,,,,,,,,,,,,,,,,,,,,,,,,,,,,,,,,,,,,,,,,,,,,,,,,,,,,,,,,,,,,,,,,,,,,,,,,,,,,,,,,,,,,,,,,,,,,,,,,,,,,,,,,,,,,,,,,,,,,,,,,,,,,,,,,,,,,,,,,,,,,,,,,,,,,,,,,,,,,,,,,,,,,,,,,,,,,,,,,,,,,,,,,,,,,,,,,,,,,,,,,,,,,,,,,,,,,,,,,,,,,,,,,,,,,,,,,,,,,,,,,,,,,,,,,,,,,,,,,,,,,,,,,,,,,,,,,,,,,,,,,,,,,,,,,,,,,,,,,,,,,,,,,,,,,,,,,,,,,,,,,,,
废水处理污泥,石油炼制,含油污泥,无,石油炼制过程中产生的含油污泥（污水处理隔油池产生的油泥，浮选池产的浮渣）,泥状、团聚,固态、半固态,泥状,灰褐色,,,40-90,,10-50,,,,,,,,,,,,,,,,,,,,,,,,,,,,,,,,,,,,,,,,,,,,,,,,,,,,,,,,,,,,,,,,,,,,,,,,,,,,,,,,,,,,,,,,,,,,,,,,,,,,,,,,,,,,,,,,,,,,,,,,,,,,,,,,,,,,,,,,,,,,,,,,493.15-495,40.16-42,204-206,,,,,,,,,,,,,,,,,,,,,2610.1-2612,,,165.55-167,,238.1-240,,18.4-22,,,,,,,,,,,,,,,,,,,,,,,,,,,,,,,,,,,,,,,,,,,,,,,,,,,,,,,,,,,,,,,,,,,,,,,,,,,,,,,,,,,,,,,,,,,,,,,,,,,,,,,,,,,,,,,,,,,,,,,,,,,,,,,,,,,,,,,,,,,,,,,,,,,,,,,,,,,
废水处理污泥,石油炼制,废水生化处理污泥,无,炼油厂废水处理工段产生的生化污泥,在显微镜下呈不规则椭圆状，在水中呈“絮状”,固态、半固态,泥状,灰褐色,,,70-90,,,,,,,,,,,,,,,,,,,,,,,,,,,,,,,,,,,,,,,,,,,,,,,,,,,,,,,,,,,,,,,,,,,,,,,,,,,,,,,,,,,,,,,,,,,,,,,,,,,,,,,,,,,,,,,,,,,,,,,,,,,,,,,,,,,,,,,,,,,,,,,,,,,,,,,,,,,,,,,,,,,,,,,,,,,,,,,,,,,,,,,,,,,,,,,,,,,,,,,,,,,,,,,,,,,,,,,,,,,,,,,,,,,,,,,,,,,,,,,,,,,,,,,,,,,,,,,,,,,,,,,,,,,,,,,,,,,,,,,,,,,,,,,,,,,,,,,,,,,,,,,,,,,,,,,,,,,,,,,,,,,,,,,,,,,
废水处理污泥,煤化工,熄焦废水处理污泥,无,低水分熄焦和常规湿法熄焦产生的熄焦废水处理过程中会产生熄焦废水处理污泥,泥状、团聚,固态、半固态,泥状,黑褐色,,,60-90,,,,,,,,,,,,,,,,,,,,,,,,,,,,,,,,,,,,,,,,,,,,,,,,,,,,,,,,,,,,,,,,,,,,,,,,,,,,,,,,,,,,,,,,,,,,,,,,,,,,,,,,,,,,,,,,,,,,,,,,,,,,,,,,,,,,,,,,,,,,,,,,,,,,,,,,,,,,,,,,,,,,,,,,,,,,,,,,,,,,,,,,,,,,,,,,,,,,,,,,,,,,,,,,,,,,,,,,,,,,,,,,,,,,,,,,,,,,,,,,,,,,,,,,,,,,,,,,,,,,,,,,,,,,,,,,,,,,,,,,,,,,,,,,,,,,,,,,,,,,,,,,,,,,,,,,,,,,,,,,,,,,,,,,,,,
废水处理污泥,煤化工,废水生化处理污泥,无,煤化工废水处理污泥产生于煤化工生产脱水脱渣、焦油蒸馏、粗酚提取等各个工段废水处理过程,泥状、团聚,固态、半固态,泥状,黑褐色,,,60-90,,,,,,,4.12-29.12,47.48-58.71,,14.79-33.76,2.06-6.42,,16.67-69.27,,,,,,,1.9-2.42,,,,,,,,,,,,,,,,,,,,,,,0.39-1.66,,,,,36.75-73.76,2.84-4.99,,1.2-15.6,,,,,,,,,,,,,,,,,,,,,,,,,,,,,,,,,,,,,,,,,,,,,,,,,,,,,,,,,,,,,,,,,,,,,,,,,,,,,,,,,,,,,,,,,,,,,,,,,,,,,,,,,,,,,,,,,,,,,,28.74-55.16,68.5-160.51,29.63-126.83,30.04-102.53,65.3-297.03,20.82-159.2,41.29-188.9,20.3-188.9,27.4-187.36,55.02-293.48,43.4-67.3,18.9-80.2,50.8-126.7,31.06-80.45,19.27-37.7,30.9-93.3,,,,,,,,,,,,,,,,,,,,,,,,,,,,,,,,,,,,,,,,,,,,,,,,,,,,,,,,,,,,,,,,,,,,,,,,,,,,,,,,,,,,,,,,,,,,,,,,,,,,,,,,,,,,,,,,,,,,,,,,,,,,,,,,,,,,,,,,,,,,,,,,,,,
废水处理污泥,表面处理,镀锡废水处理污泥,无,镀锡过程产生的废水处理污泥,泥状、团聚,固态、半固态,泥状,灰黑色,,,60-90,,,,,,,,,,,,,,,,,,,,,,,,,,,,,,,,,,,,,,,,,,,,,,,,,,,,,,,,,,,,,,,,35-45,,,,,,,,,,,,,,,,,,,,,,,,,,,,,,,,,,,,,,,,,,,,,,,,,,,,,,,,,,,,,,,,,,,,,,,,,,,,,,,,,,,,,,,,,,,,,,,,,,,,,,,,,,,,,,,,,,,,,,,,,,,,,,,,,,,,,,,,,,,,,,,,,,,,,,,,,,,,,,,,,,,,,,,,,,,,,,,,,,,,,,,,,,,,,,,,,,,,,,,,,,,,,,,,,,,,,,,,,,,,,,,,,,,,,,,,,,,,,,,,,,,,,,,,,,,,,,,,,,,,,,,,,,,
废水处理污泥,表面处理,镀锌废水处理污泥,无,镀锌过程产生的废水处理污泥,泥状、团聚,固态、半固态,泥状,棕黑色,,,60-90,,,,,,,,,,,,,,,,,,,,,,,,,,,,,,,,,,,,,,,,,,,14.8-16,9.1-11,,,,10.75-12,23.5-25,,11.43-13,,,,,,,16.7-18,,,,,,,,,,,,,,,,,,,,,,,,,,,,,,,,,,,,,,,,,,,,,,,,,,,,,,,,,,,,,,,,,,,,,,,,,,,,,,,,,,,,,,,,,,,,,,,,,,,,,,,,,,,,,,,,,,,,,,,,,,,,,,,,,,,,,,,,,,,,,,,,,,,,,,,,,,,,,,,,,,,,,,,,,,,,,,,,,,,,,,,,,,,,,,,,,,,,,,,,,,,,,,,,,,,,,,,,,,,,,,,,,,,,,,,,,,,,,,,,,,,,,,,,,,,,,,,,,,,,,,,,,,,,,,,,,
废水处理污泥,表面处理,镀镍废水处理污泥,无,镀镍过程产生的废水处理污泥,泥状、团聚,固态、半固态,泥状,黄色,,,60-90,,,,,,,,,,,,,,,,,,,,,,,,,,,,,,,,,,,,,,,,,,,,,,,,,,,,,,,,,,,,,,,,,30-70,,,,,,,,,,,,,,,,,,,,,,,,,,,,,,,,,,,,,,,,,,,,,,,,,,,,,,,,,,,,,,,,,,,,,,,,,,,,,,,,,,,,,<150,,,,,,,,,,,,,,,,,,,,,,,,,,,,,,,,,,,,,,,,,,,,,,,,,,,,,,,,,,,,,,,,,,,,,,,,,,,,,,,,,,,,,,,,,,,,,,,,,,,,,,,,,,,,,,,,,,,,,,,,,,,,,,,,,,,,,,,,,,,,,,,,,,,,,,,,,,,,,,,,,,,,,,,,,,,,,,,,,,,,,
废水处理污泥,表面处理,镀铜废水处理污泥,无,镀铜过程产生的废水处理污泥,泥状、团聚,固态、半固态,泥状,黄褐色、兰绿色,,,60-90,,,,,,,,,,,,,,,,,,,,,,,,,,,,,,,,,,,,,,,,,,,,,,,,,,,,,,,,,45-94,,,,,,,,,,,,,,,,,,,,,,,,,,,,,,,,,,,,,,,,,,,,,,,,,,,,,,,,,,,,,,,,,,,,,,,,,,,,,,,,,,,,,,,,,,,,,,,,,,,,,,,,,,,,,,,,,,,,,,,,,,,,,,,,,,,,,,,,,,,,,,,,,,,,,,,,,,,,,,,,,,,,,,,,,,,,,,,,,,,,,,,,,,,,,,,,,,,,,,,,,,,,,,,,,,,,,,,,,,,,,,,,,,,,,,,,,,,,,,,,,,,,,,,,,,,,,,,,,,,,,,,,,,,,,,,,,,
废水处理污泥,表面处理,镀铬废水处理污泥,无,镀铬过程产生的废水处理污泥,泥状、团聚,固态、半固态,泥状,绿色、墨绿色,,,60-90,,,,,,,,,,,,,,,,,,,,,,,,,,,,,,,,,,,,,,,,,,,,,,,,,,,,,,,,20-35,,,,,,,,,,,,,,,,,,,,,,,,,,,,,,,,,,,,,,,,,,,,,,,,,,,,,,,,,,,,,,,,,,,,,,,,,,,,,,,,,,,,,,,,,,,,,,,,,,,,,,,,,,,,,,,,,,,,,,,,,,,,,,,,,,,,,,,,,,,,,,,,,,,,,,,,,,,,,,,,,,,,,,,,,,,,,,,,,,,,,,,,,,,,,,,,,,,,,,,,,,,,,,,,,,,,,,,,,,,,,,,,,,,,,,,,,,,,,,,,,,,,,,,,,,,,,,,,,,,,,,,,,,,,,,,,,,,
废水处理污泥,表面处理,混合镀污泥,无,混合镀种的电镀污泥,泥状、团聚,固态、半固态,泥状,灰褐色,,,60-90,,,,,,,,,,,,,,,,,,,,,,,,,,,,,,,,,,,,,,,,,,,,,,,,,,,,,,,,,,,,,,,,,,,,,,,,,,,,,,,,,,,,,,,,,,,,,,,,,,,,,,,,,,,,,,,,,,,,,,,,,,,,,,,,,,,,,,,,,,,,,,,,,,,,,,,,,,,,,,,,,,,100-6000,,,,,,,,,,,,,,,,,,,,,,,,,,,,,,,,,,,,,,,,,,,,,,,,,,,,,,,,,,,,,,,,,,,,,,,,,,,,,,,,,,,,,,,,,,,,,,,,,,,,,,,,,,,,,,,,,,,,,,,,,,,,,,,,,,,,,,,,,,,,,,,,,,,,,,,,,,,,,,,,,,,,,,,,